n_vars_requested	n_vars_actual	frac_samples	training_samples	auroc
4	4	0.2	154	0.5144665948275862
4	4	0.2	118	0.5097053781958941
4	4	0.2	119	0.5462459546925567
4	4	0.2	121	0.5630454285947313
4	4	0.2	146	0.490738305631531
4	4	0.2	123	0.5047575653087697
4	4	0.2	138	0.5217061153345012
4	4	0.2	125	0.49948552048863204
4	4	0.2	157	0.4619506092254134
4	4	0.2	139	0.5706953783300707
4	4	0.2	125	0.5216451107999012
4	4	0.2	129	0.5574135500456091
4	4	0.2	121	0.5377650644630254
4	4	0.2	135	0.5734997713453363
4	4	0.2	131	0.5453872532619605
4	4	0.2	152	0.5375782692914095
4	4	0.2	135	0.46409274910655307
4	4	0.2	134	0.5310852817948372
4	4	0.2	121	0.5104355272816247
4	4	0.2	139	0.5277060191165074
4	4	0.2	121	0.5328707264782416
4	4	0.2	127	0.5560226893560227
4	4	0.2	128	0.5336333333333334
4	4	0.2	134	0.5427682868958037
4	4	0.2	128	0.5830318199841396
4	4	0.30000000000000004	230	0.5158426441612283
4	4	0.30000000000000004	189	0.4940163281561131
4	4	0.30000000000000004	191	0.5554307116104868
4	4	0.30000000000000004	210	0.5758672296755573
4	4	0.30000000000000004	204	0.5556394894503777
4	4	0.30000000000000004	191	0.5267181350287617
4	4	0.30000000000000004	186	0.534727147360126
4	4	0.30000000000000004	201	0.5126394628099173
4	4	0.30000000000000004	223	0.5189094253484919
4	4	0.30000000000000004	195	0.5466982091982092
4	4	0.30000000000000004	203	0.4685796645702306
4	4	0.30000000000000004	191	0.5016869906489658
4	4	0.30000000000000004	195	0.5263835848942232
4	4	0.30000000000000004	182	0.5693541332555766
4	4	0.30000000000000004	186	0.5307674031836541
4	4	0.30000000000000004	224	0.5578723404255319
4	4	0.30000000000000004	208	0.48537335192697767
4	4	0.30000000000000004	207	0.5120555156230181
4	4	0.30000000000000004	196	0.5036428484331179
4	4	0.30000000000000004	212	0.546604778539699
4	4	0.30000000000000004	189	0.49596910475357364
4	4	0.30000000000000004	185	0.5183687524596615
4	4	0.30000000000000004	203	0.5065249541743043
4	4	0.30000000000000004	204	0.5125492438683441
4	4	0.30000000000000004	213	0.5513902091254753
4	4	0.4	295	0.529834142394822
4	4	0.4	258	0.47916875
4	4	0.4	259	0.5273397022771501
4	4	0.4	277	0.4817437770562771
4	4	0.4	260	0.5536781695800683
4	4	0.4	253	0.5082622139764997
4	4	0.4	255	0.5429152953403776
4	4	0.4	263	0.5411092530657748
4	4	0.4	287	0.5306085753803595
4	4	0.4	265	0.5493216506500848
4	4	0.4	265	0.48131831647767903
4	4	0.4	251	0.5128166061285683
4	4	0.4	272	0.5010522875816994
4	4	0.4	266	0.5353062142535827
4	4	0.4	262	0.4937758280882446
4	4	0.4	297	0.5077877620881472
4	4	0.4	277	0.4656669507777541
4	4	0.4	270	0.5158898305084746
4	4	0.4	265	0.5103841029057551
4	4	0.4	282	0.5144078812341794
4	4	0.4	263	0.5053996641904955
4	4	0.4	244	0.5875208780720592
4	4	0.4	278	0.515033310545435
4	4	0.4	279	0.5539437585733882
4	4	0.4	278	0.5535329876389434
4	4	0.5	343	0.5163091817186645
4	4	0.5	334	0.5364947552447552
4	4	0.5	331	0.5087567549756162
4	4	0.5	340	0.48630383082108575
4	4	0.5	329	0.5251709941975429
4	4	0.5	330	0.5555291339357463
4	4	0.5	327	0.5370575401348139
4	4	0.5	343	0.547590946959178
4	4	0.5	346	0.5147475287202778
4	4	0.5	329	0.560802679936254
4	4	0.5	338	0.5820964360587002
4	4	0.5	317	0.5677700077700077
4	4	0.5	325	0.5196299565231604
4	4	0.5	356	0.5986750857726841
4	4	0.5	311	0.5075673338275266
4	4	0.5	339	0.492566510172144
4	4	0.5	326	0.5603853042257612
4	4	0.5	334	0.5397863818424566
4	4	0.5	315	0.5492898392383331
4	4	0.5	348	0.5865713369898141
4	4	0.5	345	0.5175557591346324
4	4	0.5	365	0.5709859154929577
4	4	0.5	347	0.6026093832366896
4	4	0.5	327	0.5590909090909091
4	4	0.5	337	0.5482912457912458
4	4	0.6000000000000001	397	0.5248972528661042
4	4	0.6000000000000001	411	0.5405399093923684
4	4	0.6000000000000001	399	0.5634871339840284
4	4	0.6000000000000001	406	0.5505864599766788
4	4	0.6000000000000001	392	0.5388977550803277
4	4	0.6000000000000001	387	0.5555392670157068
4	4	0.6000000000000001	392	0.5200030193236715
4	4	0.6000000000000001	408	0.5640487725723823
4	4	0.6000000000000001	418	0.5171119259647284
4	4	0.6000000000000001	390	0.5403751693766937
4	4	0.6000000000000001	418	0.5661854485383897
4	4	0.6000000000000001	369	0.5919597796355511
4	4	0.6000000000000001	391	0.489182639347874
4	4	0.6000000000000001	430	0.5424727738629084
4	4	0.6000000000000001	390	0.543392738138745
4	4	0.6000000000000001	401	0.5317476292717839
4	4	0.6000000000000001	392	0.5161407792986741
4	4	0.6000000000000001	405	0.48857007190340523
4	4	0.6000000000000001	369	0.5981195380774033
4	4	0.6000000000000001	406	0.5561729689429417
4	4	0.6000000000000001	421	0.5482534930139721
4	4	0.6000000000000001	426	0.582310442238944
4	4	0.6000000000000001	408	0.5907093534212178
4	4	0.6000000000000001	387	0.5849490222296506
4	4	0.6000000000000001	403	0.5652774037166711
4	4	0.7	472	0.504858993902439
4	4	0.7	476	0.5232535321821036
4	4	0.7	464	0.5539914914914915
4	4	0.7	465	0.5351851851851852
4	4	0.7	453	0.546060606060606
4	4	0.7	449	0.5839908519153802
4	4	0.7	468	0.4754041859882191
4	4	0.7	464	0.565257465896522
4	4	0.7	474	0.5485775630703167
4	4	0.7	446	0.6005689424364123
4	4	0.7	475	0.5803722504230119
4	4	0.7	444	0.5980419043440105
4	4	0.7	454	0.5734267811005851
4	4	0.7	487	0.5911108780760627
4	4	0.7	455	0.5647446070651855
4	4	0.7	460	0.5286193759071117
4	4	0.7	460	0.5134275512347346
4	4	0.7	466	0.5400680693069307
4	4	0.7	434	0.5856510745891277
4	4	0.7	467	0.5186061179438662
4	4	0.7	489	0.5707913669064748
4	4	0.7	481	0.49693416885654607
4	4	0.7	479	0.5227303182579565
4	4	0.7	446	0.5606593038821954
4	4	0.7	478	0.5321894778481012
4	4	0.8	538	0.5769939393939394
4	4	0.8	537	0.5284672590303264
4	4	0.8	535	0.6067539660189618
4	4	0.8	520	0.6156649616368286
4	4	0.8	497	0.5469164330631109
4	4	0.8	548	0.5363664262697561
4	4	0.8	510	0.518719806763285
4	4	0.8	530	0.5075314801615586
4	4	0.8	534	0.5546515412153052
4	4	0.8	516	0.5773868312757202
4	4	0.8	520	0.49794028963349896
4	4	0.8	523	0.5993171942892613
4	4	0.8	511	0.5648356054530874
4	4	0.8	538	0.5117757193535672
4	4	0.8	553	0.5720780660900422
4	4	0.8	526	0.559439310745056
4	4	0.8	536	0.5968754458553288
4	4	0.8	538	0.5922058322379631
4	4	0.8	528	0.58109375
4	4	0.8	525	0.5672632038411174
4	4	0.8	523	0.60355003523608175
4	4	0.8	530	0.5073034219148161
4	4	0.8	542	0.5646511167236171
4	4	0.8	527	0.5524741340530814
4	4	0.8	527	0.6127437641723356
4	4	0.9000000000000001	604	0.5924649101206599
4	4	0.9000000000000001	591	0.5834297281665702
4	4	0.9000000000000001	597	0.5551776266061981
4	4	0.9000000000000001	596	0.5923831070889894
4	4	0.9000000000000001	572	0.5128930817610062
4	4	0.9000000000000001	604	0.5974358974358974
4	4	0.9000000000000001	583	0.5422831546083887
4	4	0.9000000000000001	593	0.5279589934762349
4	4	0.9000000000000001	600	0.5198511166253101
4	4	0.9000000000000001	592	0.5732612612612613
4	4	0.9000000000000001	581	0.6228729719034428
4	4	0.9000000000000001	595	0.6261389096340553
4	4	0.9000000000000001	590	0.5631534030296566
4	4	0.9000000000000001	585	0.5388010168055359
4	4	0.9000000000000001	615	0.48543233082706766
4	4	0.9000000000000001	594	0.6045118343195266
4	4	0.9000000000000001	604	0.6080645161290322
4	4	0.9000000000000001	604	0.5775553385416666
4	4	0.9000000000000001	597	0.5826908541194256
4	4	0.9000000000000001	605	0.5183841315916787
4	4	0.9000000000000001	587	0.5441843971631206
4	4	0.9000000000000001	590	0.5659147869674185
4	4	0.9000000000000001	602	0.5476359898798229
4	4	0.9000000000000001	596	0.497478738616693
4	4	0.9000000000000001	587	0.531934306569343
4	4	1	664	0.5819659792262531
4	4	1	660	0.5498197548666186
4	4	1	663	0.5751891551071879
4	4	1	651	0.5985495985495985
4	4	1	674	0.6035443037974684
4	4	1	651	0.5161082474226804
4	4	1	671	0.5148221343873518
4	4	1	660	0.576101568334578
4	4	1	663	0.5254814814814814
4	4	1	667	0.5710485133020344
4	4	1	659	0.555789178581441
4	4	1	666	0.5726351351351351
4	4	1	654	0.5742574257425742
4	4	1	664	0.5416413373860183
4	4	1	669	0.5796252927400468
4	4	1	659	0.5548816568047338
4	4	1	680	0.5634789017873595
4	4	1	651	0.6098436298385029
4	4	1	661	0.5742574257425743
4	4	1	661	0.5736478711162255
4	4	1	664	0.6211049224747854
4	4	1	672	0.5847076461769115
4	4	1	657	0.5530470914127423
4	4	1	650	0.5841779649861787
4	4	1	669	0.49167733674775926
8	8	0.2	146	0.5281875658587988
8	8	0.2	121	0.5573782455685117
8	8	0.2	128	0.490896504558003
8	8	0.2	130	0.5394472361809045
8	8	0.2	138	0.5674957264957265
8	8	0.2	114	0.5374136331648647
8	8	0.2	124	0.5266780987700916
8	8	0.2	130	0.5344195179011572
8	8	0.2	153	0.5302373488580385
8	8	0.2	136	0.5453518110985547
8	8	0.2	130	0.49328064559157
8	8	0.2	132	0.5605438406436063
8	8	0.2	126	0.5508741157966682
8	8	0.2	130	0.5434257036147793
8	8	0.2	128	0.5150884106042846
8	8	0.2	145	0.5008648274669203
8	8	0.2	137	0.5239869347759518
8	8	0.2	137	0.5584644022063971
8	8	0.2	120	0.5200704025435757
8	8	0.2	145	0.5487236131566029
8	8	0.2	110	0.5370672338414274
8	8	0.2	116	0.5681255855293185
8	8	0.2	136	0.508487384195022
8	8	0.2	137	0.5045579944824278
8	8	0.2	137	0.5364137872049265
8	8	0.30000000000000004	197	0.5886172109229398
8	8	0.30000000000000004	201	0.5627750995598407
8	8	0.30000000000000004	203	0.509087695219082
8	8	0.30000000000000004	215	0.5006640751538711
8	8	0.30000000000000004	210	0.5980888676540851
8	8	0.30000000000000004	200	0.5538673033789161
8	8	0.30000000000000004	204	0.5457410784058349
8	8	0.30000000000000004	210	0.5143816631130064
8	8	0.30000000000000004	214	0.5429679392648424
8	8	0.30000000000000004	205	0.5360176123202771
8	8	0.30000000000000004	215	0.5136596102803134
8	8	0.30000000000000004	186	0.515153906866614
8	8	0.30000000000000004	196	0.5507098976806942
8	8	0.30000000000000004	211	0.573115311106392
8	8	0.30000000000000004	181	0.55008293492048
8	8	0.30000000000000004	207	0.5057511860832894
8	8	0.30000000000000004	184	0.5605376766091051
8	8	0.30000000000000004	192	0.5640850722311397
8	8	0.30000000000000004	180	0.557756739909615
8	8	0.30000000000000004	202	0.5171147371147371
8	8	0.30000000000000004	204	0.5293845587848847
8	8	0.30000000000000004	213	0.5362800809333161
8	8	0.30000000000000004	218	0.5282636040470331
8	8	0.30000000000000004	193	0.5434197478396373
8	8	0.30000000000000004	212	0.5616958311888831
8	8	0.4	253	0.5269659351937833
8	8	0.4	269	0.5490483352349341
8	8	0.4	274	0.5622294372294372
8	8	0.4	261	0.5643404041671897
8	8	0.4	260	0.5641133130081301
8	8	0.4	271	0.5656218814013341
8	8	0.4	276	0.5125777730100837
8	8	0.4	270	0.5681887751706882
8	8	0.4	257	0.5049533150060678
8	8	0.4	259	0.49406661600810536
8	8	0.4	259	0.5346287804755819
8	8	0.4	249	0.5159918779227172
8	8	0.4	256	0.5392485119047619
8	8	0.4	249	0.5450637928898798
8	8	0.4	271	0.5258857929136567
8	8	0.4	258	0.5768751984757066
8	8	0.4	259	0.47843001261034046
8	8	0.4	263	0.557405617177165
8	8	0.4	252	0.55078148756309675
8	8	0.4	251	0.5265741079040311
8	8	0.4	251	0.5011526328561029
8	8	0.4	276	0.4927400499495191
8	8	0.4	268	0.5424236579877852
8	8	0.4	269	0.5730900723208415
8	8	0.4	238	0.5268006993006993
8	8	0.5	340	0.5545608890260842
8	8	0.5	317	0.5856619151011674
8	8	0.5	334	0.5233975160456781
8	8	0.5	324	0.5699645504350629
8	8	0.5	329	0.6208862821766048
8	8	0.5	313	0.5852021357742182
8	8	0.5	353	0.5479964221824687
8	8	0.5	319	0.5985082222717008
8	8	0.5	336	0.5858631475069831
8	8	0.5	348	0.554696171532268
8	8	0.5	343	0.5229244114002478
8	8	0.5	334	0.5427535634835626
8	8	0.5	328	0.56051821278826
8	8	0.5	326	0.5602139210760878
8	8	0.5	355	0.5251798561151079
8	8	0.5	339	0.519453044375645
8	8	0.5	336	0.5776509109226765
8	8	0.5	324	0.5782391946178791
8	8	0.5	317	0.5418236032642813
8	8	0.5	342	0.577087646652864
8	8	0.5	337	0.5130007736553533
8	8	0.5	347	0.5396215047666301
8	8	0.5	335	0.540757179291842
8	8	0.5	319	0.5673792259158112
8	8	0.5	310	0.5071232458816352
8	8	0.6000000000000001	396	0.5448676215277778
8	8	0.6000000000000001	392	0.5498924731182796
8	8	0.6000000000000001	382	0.5532740831545613
8	8	0.6000000000000001	389	0.5301587301587302
8	8	0.6000000000000001	400	0.6202418715305313
8	8	0.6000000000000001	398	0.5817100631818282
8	8	0.6000000000000001	421	0.5209809130263675
8	8	0.6000000000000001	371	0.5571548017200191
8	8	0.6000000000000001	411	0.5994507284829865
8	8	0.6000000000000001	413	0.5719195941781634
8	8	0.6000000000000001	408	0.5863139735480161
8	8	0.6000000000000001	402	0.5944976076555024
8	8	0.6000000000000001	377	0.5623169802238357
8	8	0.6000000000000001	396	0.5649961702593281
8	8	0.6000000000000001	415	0.5234503831603453
8	8	0.6000000000000001	403	0.4951624680540343
8	8	0.6000000000000001	406	0.5156160687747217
8	8	0.6000000000000001	389	0.5052308802308803
8	8	0.6000000000000001	390	0.5444717444717445
8	8	0.6000000000000001	415	0.5541125541125541
8	8	0.6000000000000001	400	0.5024320457796853
8	8	0.6000000000000001	415	0.5836734693877551
8	8	0.6000000000000001	402	0.5909716060337178
8	8	0.6000000000000001	385	0.5652173913043478
8	8	0.6000000000000001	386	0.5193711630993861
8	8	0.7	461	0.5305774038168405
8	8	0.7	470	0.527633878913078
8	8	0.7	468	0.5380970195785011
8	8	0.7	438	0.5429853440951572
8	8	0.7	486	0.576712232491127
8	8	0.7	468	0.6068429627772904
8	8	0.7	460	0.5548306833353562
8	8	0.7	472	0.4745535714285714
8	8	0.7	472	0.5632591740186677
8	8	0.7	450	0.5446711371094307
8	8	0.7	441	0.553704705246079
8	8	0.7	463	0.6154982458299993
8	8	0.7	478	0.5859914938862307
8	8	0.7	455	0.5222417840375587
8	8	0.7	486	0.5695962329128158
8	8	0.7	467	0.5259627329192547
8	8	0.7	453	0.576318609358257
8	8	0.7	484	0.5346473668001231
8	8	0.7	458	0.5536379623833796
8	8	0.7	484	0.5764011188231638
8	8	0.7	454	0.5568111773166221
8	8	0.7	468	0.5703287890938252
8	8	0.7	482	0.579689608636977
8	8	0.7	460	0.6129564617277282
8	8	0.7	456	0.55
8	8	0.8	539	0.5750733137829912
8	8	0.8	539	0.5933040078201368
8	8	0.8	555	0.5070616793556217
8	8	0.8	510	0.5598991677336748
8	8	0.8	531	0.4919065575278212
8	8	0.8	517	0.6217374937259494
8	8	0.8	533	0.5702268079568693
8	8	0.8	526	0.5877425044091711
8	8	0.8	520	0.528150826446281
8	8	0.8	500	0.6030460767302872
8	8	0.8	524	0.5975016436554899
8	8	0.8	542	0.5187401107594937
8	8	0.8	539	0.5473607038123167
8	8	0.8	521	0.5367835757057314
8	8	0.8	527	0.6425086781123933
8	8	0.8	523	0.5503775058578495
8	8	0.8	535	0.5221155655938264
8	8	0.8	523	0.587515299877601
8	8	0.8	532	0.5050662878787878
8	8	0.8	538	0.5328166858017604
8	8	0.8	523	0.5832452431289641
8	8	0.8	526	0.5764260249554367
8	8	0.8	523	0.5644
8	8	0.8	522	0.5631758066600612
8	8	0.8	544	0.5885714285714286
8	8	0.9000000000000001	592	0.5828869047619047
8	8	0.9000000000000001	601	0.5169082125603864
8	8	0.9000000000000001	611	0.551789077212806
8	8	0.9000000000000001	599	0.6155384615384616
8	8	0.9000000000000001	597	0.5702479338842975
8	8	0.9000000000000001	600	0.5806094182825484
8	8	0.9000000000000001	585	0.5708493677844969
8	8	0.9000000000000001	591	0.5556192660550459
8	8	0.9000000000000001	606	0.6218998015873016
8	8	0.9000000000000001	594	0.5944627851140456
8	8	0.9000000000000001	595	0.6310291858678956
8	8	0.9000000000000001	606	0.5111928104575163
8	8	0.9000000000000001	598	0.5786138923654568
8	8	0.9000000000000001	579	0.6126102408845596
8	8	0.9000000000000001	589	0.5117894736842106
8	8	0.9000000000000001	606	0.5466898954703833
8	8	0.9000000000000001	605	0.5132874015748031
8	8	0.9000000000000001	586	0.6342630853994491
8	8	0.9000000000000001	582	0.6407952069716776
8	8	0.9000000000000001	589	0.5439677145284622
8	8	0.9000000000000001	602	0.5234079445145019
8	8	0.9000000000000001	591	0.596975480839818
8	8	0.9000000000000001	594	0.5949120838009727
8	8	0.9000000000000001	578	0.5923317683881064
8	8	0.9000000000000001	609	0.538629126864421
8	8	1	654	0.5564864864864865
8	8	1	660	0.5066135684824349
8	8	1	665	0.5221350078492936
8	8	1	667	0.5853051058530511
8	8	1	666	0.5647498831229547
8	8	1	669	0.554834523036989
8	8	1	664	0.5219657483246463
8	8	1	667	0.59294265910523
8	8	1	655	0.499860646599777
8	8	1	657	0.5623268698060941
8	8	1	669	0.5974711907810499
8	8	1	653	0.5741333333333334
8	8	1	658	0.5454931972789115
8	8	1	661	0.6354978354978355
8	8	1	671	0.562876254180602
8	8	1	674	0.579343365253078
8	8	1	654	0.5433006535947712
8	8	1	653	0.5813676119798569
8	8	1	669	0.593015873015873
8	8	1	662	0.6304021608643458
8	8	1	661	0.5448092280390417
8	8	1	667	0.5863422291993721
8	8	1	676	0.5627362055933485
8	8	1	657	0.5789978094194962
8	8	1	651	0.5731077241022992
16	16	0.2	141	0.5053919035314384
16	16	0.2	140	0.4939671814671815
16	16	0.2	153	0.572979901376106
16	16	0.2	126	0.5703737886479003
16	16	0.2	119	0.5516067869123438
16	16	0.2	143	0.5563989439310776
16	16	0.2	127	0.5084277608612456
16	16	0.2	143	0.5223165915207437
16	16	0.2	117	0.5518699160904235
16	16	0.2	120	0.5291127844164347
16	16	0.2	136	0.5301275510204082
16	16	0.2	129	0.5300098832437141
16	16	0.2	139	0.507758031442242
16	16	0.2	123	0.5353724236782708
16	16	0.2	129	0.5355596576606814
16	16	0.2	134	0.5259699730094467
16	16	0.2	127	0.49314464466962843
16	16	0.2	134	0.5605702107665459
16	16	0.2	120	0.5469607011591744
16	16	0.2	133	0.5309741937648914
16	16	0.2	119	0.5506007021612395
16	16	0.2	134	0.5590639930018169
16	16	0.2	137	0.5112446585743714
16	16	0.2	133	0.5398898305084746
16	16	0.2	112	0.5511875511875511
16	16	0.30000000000000004	229	0.5750738133091075
16	16	0.30000000000000004	183	0.5765896805896806
16	16	0.30000000000000004	193	0.5128697656550134
16	16	0.30000000000000004	209	0.522003745318352
16	16	0.30000000000000004	202	0.5698425556663343
16	16	0.30000000000000004	200	0.5749774811660662
16	16	0.30000000000000004	220	0.5175921075606775
16	16	0.30000000000000004	192	0.4852924648786718
16	16	0.30000000000000004	207	0.5378694064310301
16	16	0.30000000000000004	199	0.5128213049925853
16	16	0.30000000000000004	207	0.5703362622507604
16	16	0.30000000000000004	217	0.5476190476190477
16	16	0.30000000000000004	205	0.5530691612360732
16	16	0.30000000000000004	203	0.5178937246540407
16	16	0.30000000000000004	205	0.5280805662319115
16	16	0.30000000000000004	191	0.5832073074829109
16	16	0.30000000000000004	195	0.5398520620123619
16	16	0.30000000000000004	199	0.5428374116143396
16	16	0.30000000000000004	185	0.5288010058741479
16	16	0.30000000000000004	206	0.535007131470761
16	16	0.30000000000000004	206	0.550552599263201
16	16	0.30000000000000004	217	0.5524190027071871
16	16	0.30000000000000004	194	0.5641980917764653
16	16	0.30000000000000004	204	0.5103023983315954
16	16	0.30000000000000004	192	0.5662721117266571
16	16	0.4	264	0.5745605095541402
16	16	0.4	266	0.6105275323607973
16	16	0.4	286	0.5450454192976626
16	16	0.4	277	0.5411056083522956
16	16	0.4	258	0.5742607864829529
16	16	0.4	236	0.5689451769604441
16	16	0.4	275	0.5029794863681907
16	16	0.4	270	0.5030825817767713
16	16	0.4	282	0.5652867125110914
16	16	0.4	261	0.5278094369728744
16	16	0.4	247	0.5487661574618097
16	16	0.4	275	0.5972786406478162
16	16	0.4	259	0.5525040589484201
16	16	0.4	249	0.5712182061579651
16	16	0.4	266	0.54074592800083
16	16	0.4	264	0.548487209287475
16	16	0.4	280	0.5651512089984508
16	16	0.4	264	0.5601746369155964
16	16	0.4	271	0.5552148043301617
16	16	0.4	255	0.47736436037829766
16	16	0.4	265	0.5423225308641976
16	16	0.4	273	0.5654743062150469
16	16	0.4	258	0.5211554160125589
16	16	0.4	247	0.5969553579963675
16	16	0.4	282	0.5676775147928994
16	16	0.5	336	0.5646129004844056
16	16	0.5	338	0.5495137420718816
16	16	0.5	324	0.5797260363648266
16	16	0.5	329	0.5681506849315069
16	16	0.5	342	0.5684794672586015
16	16	0.5	349	0.5597324723247232
16	16	0.5	336	0.601242256766459
16	16	0.5	340	0.5677841937429975
16	16	0.5	331	0.5354870288790994
16	16	0.5	313	0.5728667305848514
16	16	0.5	333	0.53429343835525
16	16	0.5	302	0.5636083153606518
16	16	0.5	321	0.5833739797743309
16	16	0.5	318	0.5982809927820691
16	16	0.5	333	0.5652688936271025
16	16	0.5	352	0.5784436802940159
16	16	0.5	336	0.5821596244131455
16	16	0.5	339	0.546709812957441
16	16	0.5	348	0.5814218574635241
16	16	0.5	321	0.5977186910006294
16	16	0.5	334	0.5617596444622659
16	16	0.5	334	0.5777836929577933
16	16	0.5	347	0.59688995215311
16	16	0.5	326	0.5890284417794344
16	16	0.5	313	0.5826849733028223
16	16	0.6000000000000001	401	0.5934618794326241
16	16	0.6000000000000001	393	0.5758487787978521
16	16	0.6000000000000001	398	0.5705821910321156
16	16	0.6000000000000001	402	0.5841006615412122
16	16	0.6000000000000001	390	0.521720467032967
16	16	0.6000000000000001	397	0.5912644682245032
16	16	0.6000000000000001	398	0.5528641571194762
16	16	0.6000000000000001	376	0.5760440823769598
16	16	0.6000000000000001	406	0.5911244760342628
16	16	0.6000000000000001	419	0.6075568598679384
16	16	0.6000000000000001	411	0.5719218580010407
16	16	0.6000000000000001	381	0.5960814790575917
16	16	0.6000000000000001	389	0.5835681352459017
16	16	0.6000000000000001	401	0.5804318488529014
16	16	0.6000000000000001	410	0.5454988851727982
16	16	0.6000000000000001	402	0.5353718637992831
16	16	0.6000000000000001	402	0.5671638387155629
16	16	0.6000000000000001	389	0.5225331369661267
16	16	0.6000000000000001	403	0.5681479474325972
16	16	0.6000000000000001	400	0.5857961966748577
16	16	0.6000000000000001	424	0.5201828063241106
16	16	0.6000000000000001	383	0.6135162601626016
16	16	0.6000000000000001	405	0.5365494425813468
16	16	0.6000000000000001	410	0.5773791063291743
16	16	0.6000000000000001	402	0.5293670659753263
16	16	0.7	466	0.5447405329593268
16	16	0.7	469	0.5775142731664471
16	16	0.7	467	0.5511563599798894
16	16	0.7	469	0.5753295074730403
16	16	0.7	448	0.5762783970050199
16	16	0.7	472	0.5149227584010193
16	16	0.7	443	0.57534435261708
16	16	0.7	457	0.5532347836495302
16	16	0.7	461	0.5494085532302093
16	16	0.7	465	0.582566510172144
16	16	0.7	459	0.5881576579278901
16	16	0.7	454	0.5944508009153318
16	16	0.7	452	0.5629835060575099
16	16	0.7	460	0.5646221903395504
16	16	0.7	480	0.578088336783989
16	16	0.7	483	0.5209257868505496
16	16	0.7	473	0.5654199517821072
16	16	0.7	446	0.5509270807350128
16	16	0.7	466	0.5698396193717112
16	16	0.7	473	0.5994051045864517
16	16	0.7	477	0.5545652604476133
16	16	0.7	485	0.547690728703387
16	16	0.7	475	0.5578114700065919
16	16	0.7	469	0.5402593295382669
16	16	0.7	468	0.5983076000126298
16	16	0.8	522	0.5891910830815048
16	16	0.8	520	0.564390665514261
16	16	0.8	553	0.537741935483871
16	16	0.8	535	0.5828272446977483
16	16	0.8	546	0.5776223776223777
16	16	0.8	530	0.5373768501657562
16	16	0.8	554	0.5874118343832445
16	16	0.8	534	0.5777307963354474
16	16	0.8	529	0.6186394803320101
16	16	0.8	544	0.5520244461420932
16	16	0.8	514	0.588078547124175
16	16	0.8	528	0.5152457142857143
16	16	0.8	530	0.577659767610748
16	16	0.8	530	0.4910457963089542
16	16	0.8	525	0.5970671628566365
16	16	0.8	527	0.5462038648227859
16	16	0.8	538	0.5833532876777932
16	16	0.8	544	0.5518619712608783
16	16	0.8	541	0.5425416543428966
16	16	0.8	537	0.5977135040062537
16	16	0.8	510	0.5691920830629461
16	16	0.8	520	0.5859982713915298
16	16	0.8	540	0.5852692326502665
16	16	0.8	517	0.5747675295300326
16	16	0.8	531	0.5958655156746934
16	16	0.9000000000000001	593	0.6336958140920602
16	16	0.9000000000000001	595	0.6028192371475953
16	16	0.9000000000000001	605	0.5987593052109181
16	16	0.9000000000000001	575	0.5097902097902098
16	16	0.9000000000000001	590	0.6148356401384083
16	16	0.9000000000000001	590	0.5587198849334771
16	16	0.9000000000000001	587	0.5477272727272727
16	16	0.9000000000000001	584	0.5622778233524747
16	16	0.9000000000000001	594	0.5279425767230645
16	16	0.9000000000000001	599	0.5917665867306156
16	16	0.9000000000000001	594	0.5408322787165935
16	16	0.9000000000000001	601	0.5459599123081741
16	16	0.9000000000000001	605	0.5396981627296588
16	16	0.9000000000000001	603	0.5428079383303264
16	16	0.9000000000000001	579	0.6068152031454784
16	16	0.9000000000000001	583	0.5999013667746935
16	16	0.9000000000000001	601	0.6162734713529129
16	16	0.9000000000000001	607	0.5872026251025431
16	16	0.9000000000000001	598	0.5817023562821398
16	16	0.9000000000000001	593	0.5561649846423871
16	16	0.9000000000000001	587	0.540519877675841
16	16	0.9000000000000001	603	0.5363680941484145
16	16	0.9000000000000001	583	0.5128169406519922
16	16	0.9000000000000001	605	0.4876373626373626
16	16	0.9000000000000001	600	0.552578125
16	16	1	665	0.5235934664246824
16	16	1	654	0.5550531914893617
16	16	1	667	0.5966160657811512
16	16	1	668	0.665920716112532
16	16	1	658	0.5694925028835064
16	16	1	664	0.6205570087705801
16	16	1	662	0.6254175744371823
16	16	1	666	0.565081351689612
16	16	1	654	0.5319120586275816
16	16	1	666	0.5582870737509913
16	16	1	667	0.5766852195423624
16	16	1	667	0.5794998456313677
16	16	1	645	0.5731465410364494
16	16	1	672	0.5824255628177196
16	16	1	661	0.5426547137073453
16	16	1	677	0.6145833333333334
16	16	1	668	0.5758730158730159
16	16	1	668	0.580080971659919
16	16	1	654	0.5089189189189189
16	16	1	645	0.5487308429118773
16	16	1	664	0.5965470240799636
16	16	1	671	0.5186983099604459
16	16	1	658	0.6194432904029913
16	16	1	655	0.5125418060200669
16	16	1	664	0.5882352941176471
32	32	0.2	138	0.5530398716460708
32	32	0.2	137	0.5175947837041829
32	32	0.2	137	0.5311947504419965
32	32	0.2	141	0.5683231414044249
32	32	0.2	120	0.572664430129887
32	32	0.2	114	0.5146437522377372
32	32	0.2	150	0.5072569322569322
32	32	0.2	140	0.5770062087197637
32	32	0.2	131	0.49012962806066257
32	32	0.2	131	0.5125880237306936
32	32	0.2	116	0.5512119155053308
32	32	0.2	126	0.5757533447768917
32	32	0.2	141	0.55015503875969
32	32	0.2	116	0.5332270839370231
32	32	0.2	135	0.5687285223367697
32	32	0.2	128	0.551276198381407
32	32	0.2	150	0.5160473345628789
32	32	0.2	149	0.5340719878130867
32	32	0.2	123	0.5337616880022349
32	32	0.2	124	0.47481132153115563
32	32	0.2	131	0.5212812563186628
32	32	0.2	129	0.4898876962830451
32	32	0.2	125	0.5401938851603281
32	32	0.2	118	0.5272258835691671
32	32	0.2	140	0.5477462986024629
32	32	0.30000000000000004	201	0.5536260330578512
32	32	0.30000000000000004	182	0.5472415545824211
32	32	0.30000000000000004	189	0.5870262881594326
32	32	0.30000000000000004	214	0.5153745129323912
32	32	0.30000000000000004	206	0.5446080920941256
32	32	0.30000000000000004	200	0.5455356044766941
32	32	0.30000000000000004	193	0.5536641604010025
32	32	0.30000000000000004	187	0.548822748965326
32	32	0.30000000000000004	208	0.5274444538670285
32	32	0.30000000000000004	196	0.5463643790849673
32	32	0.30000000000000004	188	0.5286325514283711
32	32	0.30000000000000004	196	0.574175264037842
32	32	0.30000000000000004	197	0.5479942546424541
32	32	0.30000000000000004	190	0.5651590282995241
32	32	0.30000000000000004	200	0.5616696523801141
32	32	0.30000000000000004	197	0.525385610712892
32	32	0.30000000000000004	186	0.5795255930087391
32	32	0.30000000000000004	206	0.5435725056546871
32	32	0.30000000000000004	190	0.5403631284916202
32	32	0.30000000000000004	180	0.47443126768205246
32	32	0.30000000000000004	200	0.5344923418972332
32	32	0.30000000000000004	188	0.5355093435172201
32	32	0.30000000000000004	210	0.5297398161423632
32	32	0.30000000000000004	202	0.5707611894960668
32	32	0.30000000000000004	203	0.5588155844155844
32	32	0.4	248	0.5376581934220546
32	32	0.4	244	0.5465653582317073
32	32	0.4	261	0.568644494834971
32	32	0.4	267	0.5009034986543637
32	32	0.4	299	0.5884551129868988
32	32	0.4	269	0.5737715647006466
32	32	0.4	307	0.5690908007981179
32	32	0.4	274	0.595189607208934
32	32	0.4	263	0.54776313773556
32	32	0.4	264	0.5771066416607386
32	32	0.4	240	0.5196035632116099
32	32	0.4	258	0.5358523080042067
32	32	0.4	259	0.5822558905750799
32	32	0.4	261	0.5880103645191316
32	32	0.4	261	0.5524856961220598
32	32	0.4	269	0.519284509121586
32	32	0.4	272	0.5782578088334984
32	32	0.4	263	0.5650828813688794
32	32	0.4	291	0.5712403274643939
32	32	0.4	241	0.5394596136023384
32	32	0.4	268	0.5973290322580646
32	32	0.4	256	0.49376037840285814
32	32	0.4	276	0.5993148851897447
32	32	0.4	263	0.5500797571266852
32	32	0.4	261	0.5413664944123412
32	32	0.5	340	0.586187448728466
32	32	0.5	331	0.572349006492229
32	32	0.5	329	0.5633261353226018
32	32	0.5	326	0.5767935767935768
32	32	0.5	344	0.5850364963503649
32	32	0.5	334	0.5728903253897811
32	32	0.5	346	0.5627801120448179
32	32	0.5	308	0.5961818181818181
32	32	0.5	334	0.5673780082435846
32	32	0.5	320	0.5774036022323693
32	32	0.5	341	0.5953082157002133
32	32	0.5	329	0.5718118840862523
32	32	0.5	306	0.5575587606837606
32	32	0.5	316	0.5609201530452236
32	32	0.5	346	0.6039574460627092
32	32	0.5	315	0.5458841940532081
32	32	0.5	332	0.5700674216573529
32	32	0.5	339	0.5816938865968836
32	32	0.5	309	0.5675220675220676
32	32	0.5	335	0.6262673582064581
32	32	0.5	320	0.5691492706237424
32	32	0.5	342	0.5949201361612988
32	32	0.5	298	0.5971080278634235
32	32	0.5	311	0.5752417558951832
32	32	0.5	323	0.5454878592823912
32	32	0.6000000000000001	410	0.6063279940398585
32	32	0.6000000000000001	375	0.5489954736758517
32	32	0.6000000000000001	404	0.5973011363636364
32	32	0.6000000000000001	390	0.5642149390243902
32	32	0.6000000000000001	397	0.5722084475183784
32	32	0.6000000000000001	396	0.5658730158730159
32	32	0.6000000000000001	395	0.6107978142076502
32	32	0.6000000000000001	390	0.5144385702550709
32	32	0.6000000000000001	416	0.5896812403697997
32	32	0.6000000000000001	404	0.6033402452217814
32	32	0.6000000000000001	399	0.5703792203194832
32	32	0.6000000000000001	379	0.5679640838577785
32	32	0.6000000000000001	372	0.5719041674097853
32	32	0.6000000000000001	390	0.5081801315567549
32	32	0.6000000000000001	401	0.5447638146167558
32	32	0.6000000000000001	390	0.603973934408717
32	32	0.6000000000000001	392	0.5690957991803278
32	32	0.6000000000000001	402	0.5429740487891659
32	32	0.6000000000000001	392	0.5673388742134312
32	32	0.6000000000000001	401	0.5426757369614512
32	32	0.6000000000000001	407	0.562137049941928
32	32	0.6000000000000001	412	0.5953738007029543
32	32	0.6000000000000001	388	0.5815679082611354
32	32	0.6000000000000001	389	0.5486128625472888
32	32	0.6000000000000001	418	0.5803383170404447
32	32	0.7	458	0.5712622402674946
32	32	0.7	464	0.5767626008832039
32	32	0.7	455	0.6109814447426771
32	32	0.7	469	0.6083333333333333
32	32	0.7	458	0.5178269760825109
32	32	0.7	463	0.536353671903544
32	32	0.7	460	0.5789537235487668
32	32	0.7	446	0.6159474933668482
32	32	0.7	470	0.536302489313553
32	32	0.7	464	0.5894970414201184
32	32	0.7	445	0.6004657351962741
32	32	0.7	451	0.5733027314972232
32	32	0.7	480	0.5845228146414841
32	32	0.7	467	0.6147904940587867
32	32	0.7	475	0.5797385620915033
32	32	0.7	447	0.6076215797053285
32	32	0.7	462	0.5744538834951456
32	32	0.7	457	0.572203869749882
32	32	0.7	473	0.5536020583190394
32	32	0.7	459	0.5688103665486832
32	32	0.7	487	0.5582704138702461
32	32	0.7	485	0.5577357715224984
32	32	0.7	473	0.5741603572121918
32	32	0.7	456	0.5792702615434291
32	32	0.7	458	0.594764705882353
32	32	0.8	536	0.6128139116918444
32	32	0.8	501	0.5934869125975815
32	32	0.8	547	0.5002113271344041
32	32	0.8	527	0.6149343104835105
32	32	0.8	542	0.5418724125891565
32	32	0.8	546	0.5731719983381803
32	32	0.8	526	0.5563216291493539
32	32	0.8	516	0.6035353535353535
32	32	0.8	544	0.5797166968053044
32	32	0.8	540	0.5772946859903382
32	32	0.8	540	0.5525260625501203
32	32	0.8	555	0.5143643368189323
32	32	0.8	528	0.5786700581395349
32	32	0.8	527	0.5812996727442731
32	32	0.8	521	0.5507430997876858
32	32	0.8	547	0.6175940646528881
32	32	0.8	528	0.6026432123779701
32	32	0.8	528	0.5752744026378789
32	32	0.8	514	0.5805503827850197
32	32	0.8	529	0.5702962224839206
32	32	0.8	533	0.5373353548753909
32	32	0.8	512	0.5385359951603146
32	32	0.8	559	0.5539165237278445
32	32	0.8	505	0.598286530223703
32	32	0.8	521	0.5215993046501521
32	32	0.9000000000000001	590	0.588142969251623
32	32	0.9000000000000001	597	0.5432870370370371
32	32	0.9000000000000001	597	0.5612612612612613
32	32	0.9000000000000001	597	0.5430926216640503
32	32	0.9000000000000001	591	0.5620699751134534
32	32	0.9000000000000001	609	0.5985690235690236
32	32	0.9000000000000001	585	0.6184569247546347
32	32	0.9000000000000001	597	0.6054783950617284
32	32	0.9000000000000001	594	0.5567762811347731
32	32	0.9000000000000001	606	0.6017213114754099
32	32	0.9000000000000001	598	0.6402218471183988
32	32	0.9000000000000001	594	0.5834818775995246
32	32	0.9000000000000001	592	0.6062709966405375
32	32	0.9000000000000001	583	0.6028525512253917
32	32	0.9000000000000001	593	0.583956043956044
32	32	0.9000000000000001	599	0.6011783189316575
32	32	0.9000000000000001	609	0.4979862393018963
32	32	0.9000000000000001	591	0.6110711718188353
32	32	0.9000000000000001	597	0.5964805825242718
32	32	0.9000000000000001	587	0.5961538461538461
32	32	0.9000000000000001	603	0.5886586523252135
32	32	0.9000000000000001	594	0.5887739149854835
32	32	0.9000000000000001	590	0.6113960113960114
32	32	0.9000000000000001	613	0.5471546170365068
32	32	0.9000000000000001	606	0.583688524590164
32	32	1	666	0.5035076530612245
32	32	1	661	0.6238012205754141
32	32	1	661	0.6128800917957544
32	32	1	669	0.5570424891267982
32	32	1	655	0.5956815114709851
32	32	1	653	0.5704
32	32	1	669	0.5422535211267606
32	32	1	660	0.6009200690051754
32	32	1	663	0.5927635497319833
32	32	1	667	0.6313115274690377
32	32	1	668	0.5850094280326839
32	32	1	665	0.5716728855721394
32	32	1	659	0.5565656565656566
32	32	1	659	0.5564213564213564
32	32	1	661	0.5870253164556962
32	32	1	657	0.6326333241226858
32	32	1	671	0.596849087893864
32	32	1	665	0.5647548566142461
32	32	1	671	0.6177755376344086
32	32	1	648	0.4647869829834803
32	32	1	651	0.5437740693196406
32	32	1	672	0.5684377199155525
32	32	1	672	0.5783730158730158
32	32	1	654	0.609375
32	32	1	663	0.521203007518797
64	64	0.2	126	0.5405380794701987
64	64	0.2	119	0.5264482200647249
64	64	0.2	146	0.5512456665822542
64	64	0.2	125	0.5602605863192183
64	64	0.2	163	0.5640256840784545
64	64	0.2	144	0.5355224140938427
64	64	0.2	153	0.5623172644940455
64	64	0.2	142	0.5642149110298756
64	64	0.2	127	0.5491432453930797
64	64	0.2	128	0.5223062744476601
64	64	0.2	120	0.5407450665498698
64	64	0.2	138	0.5570275358705651
64	64	0.2	119	0.5510918929365156
64	64	0.2	134	0.5795622771011372
64	64	0.2	130	0.5563212767393212
64	64	0.2	124	0.5458469243188033
64	64	0.2	126	0.5757965035368133
64	64	0.2	148	0.5336694115990991
64	64	0.2	140	0.5747875964980377
64	64	0.2	118	0.5519928909759418
64	64	0.2	125	0.562630394427743
64	64	0.2	133	0.5161107636130036
64	64	0.2	141	0.532737530408378
64	64	0.2	136	0.575953629118186
64	64	0.2	117	0.5326200627463599
64	64	0.30000000000000004	214	0.5954693611473273
64	64	0.30000000000000004	205	0.5418646328248728
64	64	0.30000000000000004	207	0.5907661915585105
64	64	0.30000000000000004	195	0.5746192790191733
64	64	0.30000000000000004	191	0.5631072813787037
64	64	0.30000000000000004	205	0.5533993886370824
64	64	0.30000000000000004	201	0.5398092495199933
64	64	0.30000000000000004	180	0.5220881603614863
64	64	0.30000000000000004	212	0.5697851772287863
64	64	0.30000000000000004	197	0.5639213526688287
64	64	0.30000000000000004	203	0.5479190968171971
64	64	0.30000000000000004	197	0.5725224396327874
64	64	0.30000000000000004	186	0.5359700374531835
64	64	0.30000000000000004	228	0.5316008479233728
64	64	0.30000000000000004	203	0.5884125290314481
64	64	0.30000000000000004	216	0.5186892572023603
64	64	0.30000000000000004	195	0.5605595429315007
64	64	0.30000000000000004	184	0.5578778763136305
64	64	0.30000000000000004	173	0.5754180444024563
64	64	0.30000000000000004	187	0.6082793718687499
64	64	0.30000000000000004	200	0.5649383480369395
64	64	0.30000000000000004	209	0.5727542925567174
64	64	0.30000000000000004	203	0.5747326849148163
64	64	0.30000000000000004	195	0.5471911026167579
64	64	0.30000000000000004	203	0.5749562572904516
64	64	0.4	277	0.557137085914355
64	64	0.4	253	0.561636923076923
64	64	0.4	282	0.5941709934233298
64	64	0.4	283	0.5459318659138641
64	64	0.4	267	0.5478057450534515
64	64	0.4	285	0.5329699510831586
64	64	0.4	260	0.5527824067060546
64	64	0.4	254	0.562376968503937
64	64	0.4	275	0.5510999204876756
64	64	0.4	272	0.57036158861885
64	64	0.4	289	0.5863501901676292
64	64	0.4	263	0.5957653061224489
64	64	0.4	278	0.5587367178276269
64	64	0.4	273	0.5385630924405249
64	64	0.4	258	0.562753036437247
64	64	0.4	270	0.6119723128750395
64	64	0.4	277	0.5344151983569344
64	64	0.4	252	0.5865713052592638
64	64	0.4	255	0.5375550085776087
64	64	0.4	249	0.5481779323335506
64	64	0.4	254	0.5783676439751828
64	64	0.4	254	0.5729418551841805
64	64	0.4	288	0.5892769582089971
64	64	0.4	265	0.5578832304526748
64	64	0.4	268	0.5475351882160393
64	64	0.5	338	0.5686756555825899
64	64	0.5	329	0.5663335743869568
64	64	0.5	333	0.5676315702315107
64	64	0.5	319	0.5436417646315257
64	64	0.5	318	0.5782172929496041
64	64	0.5	313	0.5996989987099944
64	64	0.5	340	0.6041656057442583
64	64	0.5	335	0.6100399600399601
64	64	0.5	333	0.5520659502035912
64	64	0.5	329	0.570186619603229
64	64	0.5	326	0.541914330016798
64	64	0.5	336	0.577693024832613
64	64	0.5	328	0.5800328407224958
64	64	0.5	324	0.6031599841206828
64	64	0.5	339	0.6075427025198714
64	64	0.5	337	0.5572164258962011
64	64	0.5	352	0.5362168081029292
64	64	0.5	332	0.5634858892659108
64	64	0.5	339	0.5629845289278581
64	64	0.5	336	0.5475579690831557
64	64	0.5	332	0.569328809070595
64	64	0.5	344	0.5375350140056022
64	64	0.5	375	0.6028370197443913
64	64	0.5	323	0.573969409585848
64	64	0.5	325	0.533656330749354
64	64	0.6000000000000001	390	0.5864680851063829
64	64	0.6000000000000001	396	0.5991397101953032
64	64	0.6000000000000001	389	0.5558569030091696
64	64	0.6000000000000001	378	0.5800715299006973
64	64	0.6000000000000001	397	0.5777629233511586
64	64	0.6000000000000001	395	0.5971864813861726
64	64	0.6000000000000001	373	0.5847793655778895
64	64	0.6000000000000001	409	0.6084706959706959
64	64	0.6000000000000001	381	0.547543744352255
64	64	0.6000000000000001	368	0.5786923076923077
64	64	0.6000000000000001	398	0.6088362068965517
64	64	0.6000000000000001	378	0.5925992961287079
64	64	0.6000000000000001	391	0.5848480969448712
64	64	0.6000000000000001	395	0.577380175003265
64	64	0.6000000000000001	381	0.608798831690398
64	64	0.6000000000000001	424	0.5639075390828234
64	64	0.6000000000000001	383	0.5561006391727394
64	64	0.6000000000000001	411	0.5706139738397803
64	64	0.6000000000000001	389	0.5981064590784767
64	64	0.6000000000000001	392	0.5898010587431693
64	64	0.6000000000000001	404	0.6098965362123256
64	64	0.6000000000000001	398	0.5801169333567786
64	64	0.6000000000000001	398	0.5746410847217299
64	64	0.6000000000000001	401	0.5823797080555055
64	64	0.6000000000000001	392	0.6011757689358439
64	64	0.7	449	0.564625466049034
64	64	0.7	458	0.5316875905359729
64	64	0.7	447	0.5138123085491506
64	64	0.7	447	0.6000341219290264
64	64	0.7	443	0.5512820512820513
64	64	0.7	487	0.5914763113367174
64	64	0.7	446	0.5647137261438453
64	64	0.7	467	0.6116132227312121
64	64	0.7	467	0.5755630001861157
64	64	0.7	473	0.5689429618001046
64	64	0.7	472	0.5554706163401816
64	64	0.7	462	0.5943476155894457
64	64	0.7	478	0.6006580714477572
64	64	0.7	473	0.6222307104660045
64	64	0.7	464	0.5978030093233638
64	64	0.7	447	0.5737870054283956
64	64	0.7	472	0.5930630512044228
64	64	0.7	467	0.5873749525136127
64	64	0.7	453	0.5609422315397158
64	64	0.7	495	0.6132897603485838
64	64	0.7	448	0.5809473064303542
64	64	0.7	439	0.5844764762619227
64	64	0.7	475	0.5995733953849137
64	64	0.7	465	0.5813953488372093
64	64	0.7	463	0.6221764017972549
64	64	0.8	531	0.5719879792368637
64	64	0.8	509	0.5877759183998725
64	64	0.8	533	0.6043709722611376
64	64	0.8	526	0.6021963540522732
64	64	0.8	541	0.5576520959872548
64	64	0.8	516	0.5349667774086379
64	64	0.8	541	0.5840039741679086
64	64	0.8	533	0.6004933904300875
64	64	0.8	542	0.6024011299435028
64	64	0.8	532	0.6155764966740577
64	64	0.8	530	0.6274801587301587
64	64	0.8	500	0.5450038138825324
64	64	0.8	532	0.543766081871345
64	64	0.8	526	0.5847199540980712
64	64	0.8	537	0.536096256684492
64	64	0.8	533	0.6040442616529573
64	64	0.8	551	0.5657712397398998
64	64	0.8	537	0.5782130912565695
64	64	0.8	526	0.5748285777482858
64	64	0.8	519	0.612205754141238
64	64	0.8	526	0.6241055456171736
64	64	0.8	540	0.5739807604214384
64	64	0.8	532	0.6007547873083912
64	64	0.8	528	0.5881908318883109
64	64	0.8	540	0.5803471580687509
64	64	0.9000000000000001	605	0.6269644334160464
64	64	0.9000000000000001	598	0.5969932844932845
64	64	0.9000000000000001	580	0.6044795783926219
64	64	0.9000000000000001	606	0.5372371134020618
64	64	0.9000000000000001	595	0.5784313725490196
64	64	0.9000000000000001	615	0.5947666195190948
64	64	0.9000000000000001	598	0.6262626262626263
64	64	0.9000000000000001	582	0.5730090015804301
64	64	0.9000000000000001	606	0.6097056878306878
64	64	0.9000000000000001	583	0.582
64	64	0.9000000000000001	593	0.6136363636363636
64	64	0.9000000000000001	604	0.5752902155887231
64	64	0.9000000000000001	580	0.5803146970204218
64	64	0.9000000000000001	583	0.6499390491670053
64	64	0.9000000000000001	613	0.5631578947368421
64	64	0.9000000000000001	595	0.6380740740740741
64	64	0.9000000000000001	584	0.5858516483516484
64	64	0.9000000000000001	589	0.594461142121082
64	64	0.9000000000000001	596	0.5965424510180561
64	64	0.9000000000000001	613	0.6372584108804581
64	64	0.9000000000000001	591	0.5939866045428073
64	64	0.9000000000000001	568	0.5933669790915646
64	64	0.9000000000000001	605	0.6457023060796646
64	64	0.9000000000000001	602	0.6024934068568688
64	64	0.9000000000000001	603	0.6403423772609819
64	64	1	669	0.6046548956661316
64	64	1	658	0.6020408163265306
64	64	1	662	0.5919870378553542
64	64	1	664	0.5903890160183066
64	64	1	659	0.52645727221279
64	64	1	659	0.5763413242009132
64	64	1	659	0.5841134751773049
64	64	1	661	0.5080213903743316
64	64	1	664	0.5916821273964131
64	64	1	669	0.6316872427983539
64	64	1	654	0.5488095238095239
64	64	1	646	0.5272435897435898
64	64	1	674	0.6939772110689093
64	64	1	674	0.6195578231292517
64	64	1	664	0.6023019839466909
64	64	1	678	0.6092324208266237
64	64	1	662	0.582983193277311
64	64	1	644	0.5673394495412845
64	64	1	659	0.5426160337552742
64	64	1	669	0.6028985507246377
64	64	1	669	0.6448734587929915
64	64	1	662	0.6462765957446809
64	64	1	646	0.5661618669314796
64	64	1	668	0.6123721227621484
64	64	1	667	0.5541125541125541
128	128	0.2	143	0.581637660585029
128	128	0.2	127	0.5796982915303526
128	128	0.2	132	0.5325199824626489
128	128	0.2	151	0.5413491767464166
128	128	0.2	135	0.5278581704324279
128	128	0.2	139	0.5457006920415225
128	128	0.2	121	0.5014118792599805
128	128	0.2	132	0.5349304572820981
128	128	0.2	126	0.5322348213476947
128	128	0.2	133	0.5538766994211872
128	128	0.2	144	0.4853229476632242
128	128	0.2	136	0.5975801542207793
128	128	0.2	133	0.5918180597065046
128	128	0.2	131	0.5345424013434089
128	128	0.2	133	0.5558236808236808
128	128	0.2	146	0.5566131427918545
128	128	0.2	137	0.550470867729751
128	128	0.2	116	0.5334114036504604
128	128	0.2	132	0.5473653198653199
128	128	0.2	126	0.5242192636423406
128	128	0.2	135	0.5540540540540541
128	128	0.2	122	0.5577631150211796
128	128	0.2	138	0.549367088607595
128	128	0.2	124	0.50939866588994
128	128	0.2	138	0.5348791561411893
128	128	0.30000000000000004	182	0.5370659993744135
128	128	0.30000000000000004	192	0.563210883806921
128	128	0.30000000000000004	201	0.5660139368499411
128	128	0.30000000000000004	173	0.5410415834806913
128	128	0.30000000000000004	189	0.5893954154158134
128	128	0.30000000000000004	198	0.5317117503497432
128	128	0.30000000000000004	191	0.5383925150726917
128	128	0.30000000000000004	211	0.5799970138429708
128	128	0.30000000000000004	180	0.5573534386931516
128	128	0.30000000000000004	180	0.5521253881987578
128	128	0.30000000000000004	191	0.5695057770249834
128	128	0.30000000000000004	195	0.5643310024260464
128	128	0.30000000000000004	189	0.5613500597371565
128	128	0.30000000000000004	212	0.5677645064013822
128	128	0.30000000000000004	195	0.5683760683760684
128	128	0.30000000000000004	205	0.5633067059070843
128	128	0.30000000000000004	182	0.5393351907747078
128	128	0.30000000000000004	206	0.5935282429747375
128	128	0.30000000000000004	198	0.5472531066056245
128	128	0.30000000000000004	201	0.5476795078244353
128	128	0.30000000000000004	190	0.5582342449464923
128	128	0.30000000000000004	190	0.5716480446927374
128	128	0.30000000000000004	198	0.5993371707657422
128	128	0.30000000000000004	194	0.5875476544408377
128	128	0.30000000000000004	201	0.5734362054681027
128	128	0.4	266	0.5708809303282906
128	128	0.4	239	0.5975464978235061
128	128	0.4	284	0.5782150829190803
128	128	0.4	253	0.565611906849849
128	128	0.4	270	0.556944426227358
128	128	0.4	262	0.5546709129511678
128	128	0.4	257	0.575830573120546
128	128	0.4	262	0.5280086005185607
128	128	0.4	276	0.5725582534843205
128	128	0.4	254	0.5806296296296296
128	128	0.4	265	0.5707286113226707
128	128	0.4	268	0.5279870265745972
128	128	0.4	234	0.5818244209322276
128	128	0.4	259	0.5636817784438616
128	128	0.4	269	0.5944962029280514
128	128	0.4	283	0.5600506921427179
128	128	0.4	290	0.5746778711484594
128	128	0.4	257	0.5730521889685877
128	128	0.4	244	0.5178343264511661
128	128	0.4	265	0.5587462608921836
128	128	0.4	252	0.5851691581431944
128	128	0.4	265	0.6009773662551441
128	128	0.4	253	0.5754336822448277
128	128	0.4	272	0.590550561060437
128	128	0.4	264	0.549656050955414
128	128	0.5	332	0.5720691864189622
128	128	0.5	326	0.577561700478098
128	128	0.5	344	0.5813019487322764
128	128	0.5	329	0.5567239336492891
128	128	0.5	328	0.5778439720904631
128	128	0.5	341	0.5810653520933895
128	128	0.5	319	0.5660729405124024
128	128	0.5	343	0.5937885643767997
128	128	0.5	334	0.5642510114603965
128	128	0.5	328	0.6037634670696631
128	128	0.5	344	0.5978613875069099
128	128	0.5	318	0.6077292245516545
128	128	0.5	325	0.5670542635658915
128	128	0.5	349	0.5727895259721828
128	128	0.5	339	0.5639602206934132
128	128	0.5	336	0.6102619363395225
128	128	0.5	323	0.6117137691502522
128	128	0.5	320	0.5948863636363636
128	128	0.5	328	0.5600804424333836
128	128	0.5	340	0.6074957062934685
128	128	0.5	332	0.6116933169331693
128	128	0.5	339	0.5617300848617575
128	128	0.5	314	0.5768704344482891
128	128	0.5	308	0.5655722836930891
128	128	0.5	336	0.6077583338878169
128	128	0.6000000000000001	412	0.5934727277052261
128	128	0.6000000000000001	415	0.5985532158716517
128	128	0.6000000000000001	405	0.6145381489429707
128	128	0.6000000000000001	391	0.5866928522099447
128	128	0.6000000000000001	389	0.5841076711529647
128	128	0.6000000000000001	414	0.5813054140728164
128	128	0.6000000000000001	400	0.6031500302887528
128	128	0.6000000000000001	396	0.5808565767413504
128	128	0.6000000000000001	378	0.5910209227140563
128	128	0.6000000000000001	393	0.5775641025641025
128	128	0.6000000000000001	392	0.5686078214194428
128	128	0.6000000000000001	424	0.5813111326812515
128	128	0.6000000000000001	395	0.6048910626945309
128	128	0.6000000000000001	413	0.5555110125925576
128	128	0.6000000000000001	409	0.5839385474860336
128	128	0.6000000000000001	408	0.5618871545248181
128	128	0.6000000000000001	391	0.578185080748526
128	128	0.6000000000000001	422	0.6148323588187403
128	128	0.6000000000000001	397	0.5510421189752497
128	128	0.6000000000000001	391	0.5446147965684193
128	128	0.6000000000000001	383	0.5604649262573028
128	128	0.6000000000000001	379	0.6253212851405623
128	128	0.6000000000000001	401	0.5742684833593925
128	128	0.6000000000000001	407	0.606348985829397
128	128	0.6000000000000001	376	0.6098412698412699
128	128	0.7	474	0.5677610955287906
128	128	0.7	454	0.580968035457454
128	128	0.7	463	0.5495031284504969
128	128	0.7	470	0.5905665731311284
128	128	0.7	477	0.5953857198799112
128	128	0.7	473	0.6117448794399792
128	128	0.7	474	0.5402061855670103
128	128	0.7	470	0.578891123962786
128	128	0.7	469	0.5656669150521609
128	128	0.7	461	0.6023788015657934
128	128	0.7	463	0.583890998975101
128	128	0.7	465	0.5958830923947203
128	128	0.7	442	0.5993472052223582
128	128	0.7	459	0.6148599927893282
128	128	0.7	473	0.4980446742228408
128	128	0.7	507	0.5422879589546256
128	128	0.7	468	0.585047619047619
128	128	0.7	468	0.6100316029913326
128	128	0.7	498	0.5843198063613327
128	128	0.7	462	0.6235604018622887
128	128	0.7	461	0.6055728309249436
128	128	0.7	445	0.5700929439586426
128	128	0.7	485	0.612926778388151
128	128	0.7	456	0.5396830038601006
128	128	0.7	452	0.5784382284382285
128	128	0.8	540	0.5767949398870166
128	128	0.8	534	0.57996632996633
128	128	0.8	538	0.6070568578308516
128	128	0.8	555	0.6140379403794038
128	128	0.8	529	0.5300769089910273
128	128	0.8	527	0.5782409042741081
128	128	0.8	536	0.6003353293413174
128	128	0.8	526	0.5540140086206896
128	128	0.8	520	0.5929967776584318
128	128	0.8	527	0.5749043193001641
128	128	0.8	543	0.6380051150895141
128	128	0.8	544	0.5910456730769231
128	128	0.8	529	0.5828481862964622
128	128	0.8	546	0.6148279352226721
128	128	0.8	527	0.5727885047148631
128	128	0.8	540	0.6138895705521472
128	128	0.8	535	0.5613344988344988
128	128	0.8	515	0.5800171159606333
128	128	0.8	532	0.6063689466742039
128	128	0.8	532	0.5475256769374417
128	128	0.8	541	0.569785575048733
128	128	0.8	509	0.5702898550724638
128	128	0.8	531	0.6301775147928994
128	128	0.8	546	0.5392586482445739
128	128	0.8	510	0.5919117647058824
128	128	0.9000000000000001	594	0.5545118343195267
128	128	0.9000000000000001	584	0.6337161607875308
128	128	0.9000000000000001	600	0.5437862950058072
128	128	0.9000000000000001	591	0.5719562647754137
128	128	0.9000000000000001	590	0.5980780516431925
128	128	0.9000000000000001	595	0.526090169992609
128	128	0.9000000000000001	603	0.5859948898115618
128	128	0.9000000000000001	593	0.5449653545628778
128	128	0.9000000000000001	590	0.5648169292837025
128	128	0.9000000000000001	588	0.5998310335116869
128	128	0.9000000000000001	588	0.6113619001319536
128	128	0.9000000000000001	583	0.5802919708029197
128	128	0.9000000000000001	609	0.5411027568922305
128	128	0.9000000000000001	605	0.5753623188405798
128	128	0.9000000000000001	602	0.5934144595561919
128	128	0.9000000000000001	598	0.5882352941176471
128	128	0.9000000000000001	612	0.5763164929163326
128	128	0.9000000000000001	592	0.5605332167832168
128	128	0.9000000000000001	607	0.5745967741935484
128	128	0.9000000000000001	580	0.6051587301587301
128	128	0.9000000000000001	566	0.6357655502392344
128	128	0.9000000000000001	602	0.6308403634003894
128	128	0.9000000000000001	612	0.5882352941176471
128	128	0.9000000000000001	582	0.5676641949152542
128	128	0.9000000000000001	611	0.59792488423941
128	128	1	669	0.5943246670894102
128	128	1	653	0.6203776553894571
128	128	1	675	0.638838802740714
128	128	1	659	0.5515125570776256
128	128	1	656	0.6243697478991597
128	128	1	669	0.5064641241111829
128	128	1	656	0.6620833333333334
128	128	1	655	0.6084931506849315
128	128	1	664	0.6529287439613527
128	128	1	668	0.5786666666666667
128	128	1	657	0.6093278463648834
128	128	1	662	0.6419917257683215
128	128	1	670	0.5983270460882402
128	128	1	665	0.6021062271062271
128	128	1	658	0.5892445213379469
128	128	1	666	0.6163194444444444
128	128	1	656	0.5594120048999591
128	128	1	662	0.6246913580246913
128	128	1	666	0.5772191673212883
128	128	1	662	0.639981908638625
128	128	1	668	0.5563369276449445
128	128	1	658	0.6096703296703296
128	128	1	660	0.69002849002849
128	128	1	659	0.5422535211267605
128	128	1	667	0.6062241981581454
256	256	0.2	122	0.5627484522645813
256	256	0.2	118	0.5586225766732925
256	256	0.2	128	0.5232065069144232
256	256	0.2	134	0.5578877005347593
256	256	0.2	129	0.5355981116653044
256	256	0.2	126	0.53604370536895
256	256	0.2	130	0.5727180365584356
256	256	0.2	126	0.5229500891265597
256	256	0.2	151	0.5300116707065267
256	256	0.2	130	0.5668502211818023
256	256	0.2	141	0.5673751565368055
256	256	0.2	133	0.5525743292240755
256	256	0.2	129	0.5734795894642442
256	256	0.2	138	0.5501089324618736
256	256	0.2	129	0.5835907110302342
256	256	0.2	138	0.5211442786069652
256	256	0.2	142	0.5538504150329343
256	256	0.2	127	0.57749653259362
256	256	0.2	124	0.5489000860267912
256	256	0.2	130	0.5585481768095218
256	256	0.2	123	0.5568905924943076
256	256	0.2	134	0.5201167387484795
256	256	0.2	130	0.5656802178822904
256	256	0.2	116	0.5608181358259654
256	256	0.2	136	0.5522246337493217
256	256	0.30000000000000004	194	0.6037770221034734
256	256	0.30000000000000004	218	0.6137535566723719
256	256	0.30000000000000004	200	0.5967886280386281
256	256	0.30000000000000004	203	0.5295685438354446
256	256	0.30000000000000004	198	0.5821513243950295
256	256	0.30000000000000004	199	0.567167549369791
256	256	0.30000000000000004	181	0.5639607843137255
256	256	0.30000000000000004	204	0.5683408295852074
256	256	0.30000000000000004	177	0.5533794088688971
256	256	0.30000000000000004	207	0.5322992508177693
256	256	0.30000000000000004	196	0.5506747144657156
256	256	0.30000000000000004	211	0.5565161703490233
256	256	0.30000000000000004	192	0.5646181353767561
256	256	0.30000000000000004	211	0.5771069743720515
256	256	0.30000000000000004	202	0.5609840067603518
256	256	0.30000000000000004	182	0.5239658697703681
256	256	0.30000000000000004	195	0.5445566778900113
256	256	0.30000000000000004	211	0.5891984203223396
256	256	0.30000000000000004	204	0.5194994938584683
256	256	0.30000000000000004	209	0.5708346556648684
256	256	0.30000000000000004	193	0.5531897782335082
256	256	0.30000000000000004	191	0.5489883174756113
256	256	0.30000000000000004	204	0.5468034611668837
256	256	0.30000000000000004	214	0.5358763287529168
256	256	0.30000000000000004	190	0.5735159817351598
256	256	0.4	265	0.566720733245797
256	256	0.4	262	0.583155487804878
256	256	0.4	258	0.6097388147835059
256	256	0.4	271	0.5776601830663616
256	256	0.4	285	0.5592879342879343
256	256	0.4	262	0.5846907993966818
256	256	0.4	288	0.5760398824692596
256	256	0.4	265	0.60334440410906
256	256	0.4	284	0.5620303890465854
256	256	0.4	260	0.5849769304872484
256	256	0.4	287	0.6007683955566692
256	256	0.4	270	0.5743259955478605
256	256	0.4	274	0.5543525564098168
256	256	0.4	255	0.561834145624648
256	256	0.4	256	0.5908274726919048
256	256	0.4	264	0.5640239207432883
256	256	0.4	270	0.5815461868396276
256	256	0.4	251	0.5638297872340425
256	256	0.4	245	0.5512852852852853
256	256	0.4	275	0.5664080146687571
256	256	0.4	244	0.5918802400914634
256	256	0.4	236	0.5980296246849356
256	256	0.4	245	0.5741166606779255
256	256	0.4	285	0.5952970297029703
256	256	0.4	245	0.5481465496571237
256	256	0.5	356	0.56806811359543
256	256	0.5	316	0.5834059775840598
256	256	0.5	341	0.585
256	256	0.5	313	0.6176274170536988
256	256	0.5	343	0.5534494773519164
256	256	0.5	342	0.5824200136147039
256	256	0.5	309	0.5601398601398602
256	256	0.5	335	0.5600933687725754
256	256	0.5	311	0.6085504442966814
256	256	0.5	351	0.5516683842080949
256	256	0.5	302	0.580479251899474
256	256	0.5	342	0.5745370370370371
256	256	0.5	319	0.5653203298943209
256	256	0.5	342	0.5566303352736945
256	256	0.5	326	0.5787677384587749
256	256	0.5	322	0.5735696122059758
256	256	0.5	317	0.5912528671502076
256	256	0.5	331	0.5762992386626945
256	256	0.5	332	0.5705582758790102
256	256	0.5	334	0.608207510646535
256	256	0.5	334	0.5868607578166402
256	256	0.5	331	0.5748514178977755
256	256	0.5	335	0.5726866323821048
256	256	0.5	346	0.5676445757703672
256	256	0.5	340	0.5855380092972382
256	256	0.6000000000000001	383	0.5654535578489951
256	256	0.6000000000000001	389	0.5422259625499685
256	256	0.6000000000000001	393	0.5934966361911334
256	256	0.6000000000000001	400	0.5962804005722461
256	256	0.6000000000000001	373	0.58183491988874525
256	256	0.6000000000000001	380	0.5757366669372515
256	256	0.6000000000000001	397	0.5729696811518552
256	256	0.6000000000000001	381	0.6145773433007475
256	256	0.6000000000000001	415	0.6082110878262527
256	256	0.6000000000000001	402	0.5772057991993305
256	256	0.6000000000000001	407	0.5992943318916458
256	256	0.6000000000000001	409	0.5682967162768722
256	256	0.6000000000000001	391	0.6173892793631975
256	256	0.6000000000000001	420	0.5259633575624814
256	256	0.6000000000000001	384	0.6011680327868852
256	256	0.6000000000000001	377	0.6041892597501707
256	256	0.6000000000000001	386	0.613034580247695
256	256	0.6000000000000001	406	0.5809762202753442
256	256	0.6000000000000001	412	0.615742897065673
256	256	0.6000000000000001	404	0.5747870909905872
256	256	0.6000000000000001	397	0.5915661601428136
256	256	0.6000000000000001	412	0.5571772178502207
256	256	0.6000000000000001	382	0.572542478890858
256	256	0.6000000000000001	386	0.5780881361644759
256	256	0.6000000000000001	384	0.5937007874015748
256	256	0.7	452	0.6217898380013378
256	256	0.7	490	0.5878103197931791
256	256	0.7	444	0.5797684812480915
256	256	0.7	493	0.5970040721349622
256	256	0.7	485	0.5934169278996865
256	256	0.7	466	0.5833229270729271
256	256	0.7	465	0.5977445900640048
256	256	0.7	461	0.5946099545345777
256	256	0.7	472	0.5917183304048006
256	256	0.7	471	0.5356211436931493
256	256	0.7	448	0.6150851040160196
256	256	0.7	460	0.5805059523809524
256	256	0.7	447	0.5735129068462401
256	256	0.7	450	0.6311728395061729
256	256	0.7	465	0.584348525137592
256	256	0.7	478	0.5722568248078452
256	256	0.7	489	0.6092888547700468
256	256	0.7	489	0.6127118038178309
256	256	0.7	448	0.6066478841173625
256	256	0.7	468	0.5736981465136805
256	256	0.7	477	0.5648433908989429
256	256	0.7	464	0.5644415680473372
256	256	0.7	471	0.5683162648686471
256	256	0.7	447	0.6118294748729531
256	256	0.7	451	0.5887438451849307
256	256	0.8	532	0.5550687770868664
256	256	0.8	513	0.5470131372387012
256	256	0.8	543	0.5886908980459654
256	256	0.8	532	0.5661865407319953
256	256	0.8	523	0.5837908496732026
256	256	0.8	543	0.5803077541989339
256	256	0.8	539	0.6223350764279968
256	256	0.8	513	0.6343351548269581
256	256	0.8	541	0.6148071828083603
256	256	0.8	512	0.5810876623376623
256	256	0.8	531	0.6161745827984595
256	256	0.8	538	0.6060696965151743
256	256	0.8	527	0.5803795202291443
256	256	0.8	523	0.5715292459478506
256	256	0.8	537	0.5863337204800619
256	256	0.8	532	0.6213262648809523
256	256	0.8	527	0.5983219954648527
256	256	0.8	551	0.5651273885350319
256	256	0.8	531	0.6176927292656192
256	256	0.8	525	0.5878750221906621
256	256	0.8	524	0.6053799715909091
256	256	0.8	530	0.5627085650723026
256	256	0.8	521	0.5700034698126302
256	256	0.8	527	0.6530946065428824
256	256	0.8	523	0.556575330318347
256	256	0.9000000000000001	592	0.655343766224134
256	256	0.9000000000000001	612	0.579469334493258
256	256	0.9000000000000001	615	0.5480958340783122
256	256	0.9000000000000001	575	0.6548960681192086
256	256	0.9000000000000001	604	0.6132979151573694
256	256	0.9000000000000001	601	0.647501982553529
256	256	0.9000000000000001	599	0.5856052344601963
256	256	0.9000000000000001	594	0.6155307180948206
256	256	0.9000000000000001	596	0.6022267206477733
256	256	0.9000000000000001	589	0.6436690647482014
256	256	0.9000000000000001	591	0.5790196645459803
256	256	0.9000000000000001	595	0.6156597774244833
256	256	0.9000000000000001	606	0.5844080687830687
256	256	0.9000000000000001	611	0.5737761632935479
256	256	0.9000000000000001	603	0.6021932612841704
256	256	0.9000000000000001	584	0.6059611703582172
256	256	0.9000000000000001	593	0.5897781774580335
256	256	0.9000000000000001	599	0.5976299694189603
256	256	0.9000000000000001	598	0.5962084580551078
256	256	0.9000000000000001	597	0.6319253137434956
256	256	0.9000000000000001	588	0.5793829401088929
256	256	0.9000000000000001	593	0.5727692536868763
256	256	0.9000000000000001	587	0.5709347345132744
256	256	0.9000000000000001	587	0.5603053435114503
256	256	0.9000000000000001	588	0.5771328671328672
256	256	1	666	0.5875883739198743
256	256	1	656	0.6182072829131653
256	256	1	651	0.6393232504486029
256	256	1	665	0.5824258923169994
256	256	1	674	0.5864583333333333
256	256	1	659	0.5828402366863905
256	256	1	664	0.6363636363636364
256	256	1	657	0.5244146202170189
256	256	1	669	0.5228934817170111
256	256	1	663	0.6425601425601426
256	256	1	667	0.5796542142636616
256	256	1	673	0.548235294117647
256	256	1	655	0.5572057205720572
256	256	1	661	0.6951695169516952
256	256	1	656	0.6122872561228725
256	256	1	646	0.5782156673114119
256	256	1	667	0.5293753865182437
256	256	1	662	0.5977272727272728
256	256	1	670	0.6631050671847175
256	256	1	667	0.6203208556149733
256	256	1	660	0.5087926703118073
256	256	1	664	0.6205357142857143
256	256	1	651	0.5918181818181818
256	256	1	670	0.6157467532467532
256	256	1	667	0.6066985645933014
512	512	0.2	131	0.5447387378331742
512	512	0.2	129	0.5978146983984434
512	512	0.2	128	0.5296856906534326
512	512	0.2	131	0.5302693208430913
512	512	0.2	153	0.5376130198915009
512	512	0.2	139	0.5418848167539267
512	512	0.2	138	0.5519845526711006
512	512	0.2	128	0.5737289894168914
512	512	0.2	139	0.5591392273787917
512	512	0.2	136	0.5491028427737289
512	512	0.2	144	0.5427922637224962
512	512	0.2	114	0.49429939528176364
512	512	0.2	142	0.5119429497792495
512	512	0.2	130	0.5847621899984193
512	512	0.2	121	0.5634446254071661
512	512	0.2	128	0.5701598282243443
512	512	0.2	115	0.5077002135825666
512	512	0.2	122	0.5328829012169808
512	512	0.2	125	0.556947551578424
512	512	0.2	148	0.5876021857923497
512	512	0.2	130	0.5751498501498501
512	512	0.2	110	0.5651511223199064
512	512	0.2	129	0.5487179487179488
512	512	0.2	140	0.5383983221332876
512	512	0.2	124	0.5495723684210526
512	512	0.30000000000000004	170	0.5447082966871885
512	512	0.30000000000000004	213	0.553338474391106
512	512	0.30000000000000004	196	0.5483195200081354
512	512	0.30000000000000004	198	0.5722615364192425
512	512	0.30000000000000004	189	0.5884806849860613
512	512	0.30000000000000004	188	0.5622446065833653
512	512	0.30000000000000004	198	0.5668867693812668
512	512	0.30000000000000004	187	0.5853311702617717
512	512	0.30000000000000004	203	0.5675464381762462
512	512	0.30000000000000004	191	0.5604893702366627
512	512	0.30000000000000004	216	0.546559620669217
512	512	0.30000000000000004	207	0.6125965537730244
512	512	0.30000000000000004	195	0.5656796906796907
512	512	0.30000000000000004	213	0.5142382018564007
512	512	0.30000000000000004	185	0.5419181691276224
512	512	0.30000000000000004	177	0.5730691545638165
512	512	0.30000000000000004	192	0.5586774010382868
512	512	0.30000000000000004	223	0.5789345063538612
512	512	0.30000000000000004	199	0.5554639133268165
512	512	0.30000000000000004	200	0.5717537986093227
512	512	0.30000000000000004	196	0.5652559205500381
512	512	0.30000000000000004	202	0.525703933747412
512	512	0.30000000000000004	196	0.5799453574195653
512	512	0.30000000000000004	192	0.5118256843800322
512	512	0.30000000000000004	185	0.5696856213659209
512	512	0.4	262	0.5590565198041834
512	512	0.4	256	0.5829212083463096
512	512	0.4	243	0.5769322263720056
512	512	0.4	237	0.555943070527725
512	512	0.4	275	0.6092187541225825
512	512	0.4	278	0.5669241449966973
512	512	0.4	263	0.5950642897392552
512	512	0.4	253	0.5862191418495298
512	512	0.4	278	0.611126777585304
512	512	0.4	251	0.5496620628856891
512	512	0.4	277	0.5872172399946459
512	512	0.4	261	0.5596712509181166
512	512	0.4	257	0.5738700388130712
512	512	0.4	247	0.5823282960379734
512	512	0.4	292	0.5675106669660903
512	512	0.4	263	0.5745214572398889
512	512	0.4	258	0.5857882165605095
512	512	0.4	280	0.6017127094569558
512	512	0.4	289	0.5941959308807135
512	512	0.4	265	0.5153703560670425
512	512	0.4	254	0.5383377285839864
512	512	0.4	247	0.567347087202114
512	512	0.4	279	0.5777156876107401
512	512	0.4	276	0.5710818123938879
512	512	0.4	276	0.576697367893379
512	512	0.5	334	0.558420981661273
512	512	0.5	325	0.5834057621117013
512	512	0.5	332	0.5874467387741724
512	512	0.5	332	0.6022873147391761
512	512	0.5	342	0.5781378600823045
512	512	0.5	360	0.5573445490254206
512	512	0.5	359	0.619077166064982
512	512	0.5	343	0.5803145770261335
512	512	0.5	328	0.5815835910054881
512	512	0.5	325	0.5668261562998406
512	512	0.5	338	0.5835421958317213
512	512	0.5	330	0.5918111313868614
512	512	0.5	337	0.5832092078537576
512	512	0.5	343	0.5982411884240768
512	512	0.5	344	0.5706238336908561
512	512	0.5	304	0.5669346689512763
512	512	0.5	319	0.5769723881297101
512	512	0.5	319	0.6148504273504274
512	512	0.5	346	0.6032914453967085
512	512	0.5	344	0.594577685088634
512	512	0.5	356	0.5590704283283788
512	512	0.5	344	0.6160089996538595
512	512	0.5	330	0.5954922313617965
512	512	0.5	340	0.6038092320261438
512	512	0.5	326	0.5873307840005163
512	512	0.6000000000000001	391	0.6084599156118143
512	512	0.6000000000000001	402	0.6154921637163152
512	512	0.6000000000000001	407	0.5860830833560585
512	512	0.6000000000000001	407	0.5907909140667761
512	512	0.6000000000000001	393	0.5964680851063829
512	512	0.6000000000000001	409	0.5906964897656757
512	512	0.6000000000000001	400	0.6152727760753349
512	512	0.6000000000000001	383	0.5884593214756259
512	512	0.6000000000000001	376	0.616004925814845
512	512	0.6000000000000001	392	0.5617493136582018
512	512	0.6000000000000001	408	0.5892877466936787
512	512	0.6000000000000001	395	0.5948682445588681
512	512	0.6000000000000001	405	0.5852686703096539
512	512	0.6000000000000001	408	0.5785683257504743
512	512	0.6000000000000001	403	0.6096430865216992
512	512	0.6000000000000001	406	0.5822424978794617
512	512	0.6000000000000001	390	0.6098765432098765
512	512	0.6000000000000001	427	0.5807079646017699
512	512	0.6000000000000001	394	0.5750869565217391
512	512	0.6000000000000001	398	0.5715009695046712
512	512	0.6000000000000001	391	0.5878288770053476
512	512	0.6000000000000001	395	0.5907082521117609
512	512	0.6000000000000001	390	0.5592199721418623
512	512	0.6000000000000001	405	0.6157521719250114
512	512	0.6000000000000001	382	0.5896743577155948
512	512	0.7	463	0.6199294532627866
512	512	0.7	457	0.6039174290405818
512	512	0.7	465	0.552101521576453
512	512	0.7	447	0.6110679611650486
512	512	0.7	458	0.6507142857142857
512	512	0.7	474	0.5804055799535004
512	512	0.7	465	0.6068741972968014
512	512	0.7	475	0.6014379084967321
512	512	0.7	470	0.615803728898967
512	512	0.7	462	0.6071769598028646
512	512	0.7	448	0.6175927996422182
512	512	0.7	468	0.6169109427400323
512	512	0.7	472	0.6064838877338877
512	512	0.7	457	0.5721445221445222
512	512	0.7	468	0.6141183035714286
512	512	0.7	461	0.5626243743592836
512	512	0.7	499	0.6218022145857197
512	512	0.7	468	0.5973164906988436
512	512	0.7	467	0.6375142748382185
512	512	0.7	492	0.6050911716916411
512	512	0.7	484	0.5936245410561712
512	512	0.7	495	0.63721593039826
512	512	0.7	490	0.5753444062754542
512	512	0.7	470	0.5691205170041911
512	512	0.7	433	0.5620148940633523
512	512	0.8	533	0.5751876128051676
512	512	0.8	554	0.5969639468690702
512	512	0.8	545	0.596320564516129
512	512	0.8	538	0.6513694990580166
512	512	0.8	526	0.640373197625106
512	512	0.8	526	0.5290050287356322
512	512	0.8	526	0.5779516994633274
512	512	0.8	517	0.5744160553166372
512	512	0.8	537	0.5933998100664767
512	512	0.8	555	0.5946745562130178
512	512	0.8	554	0.6159404659188956
512	512	0.8	516	0.580938292476754
512	512	0.8	521	0.6287445887445887
512	512	0.8	534	0.614365671641791
512	512	0.8	527	0.6257677023121387
512	512	0.8	531	0.6175249169435216
512	512	0.8	526	0.6111407249466951
512	512	0.8	521	0.6037103073526915
512	512	0.8	542	0.5861218738992603
512	512	0.8	547	0.6003721424774057
512	512	0.8	518	0.5839316239316239
512	512	0.8	542	0.5587577639751553
512	512	0.8	536	0.6409749670619236
512	512	0.8	530	0.5793937708565072
512	512	0.8	519	0.6160287081339713
512	512	0.9000000000000001	583	0.5557583130575832
512	512	0.9000000000000001	602	0.6194711538461538
512	512	0.9000000000000001	591	0.6281800391389433
512	512	0.9000000000000001	598	0.5276665881798916
512	512	0.9000000000000001	592	0.6563940092165899
512	512	0.9000000000000001	592	0.60662100456621
512	512	0.9000000000000001	610	0.5697278911564626
512	512	0.9000000000000001	600	0.6124031007751938
512	512	0.9000000000000001	609	0.5683031869078381
512	512	0.9000000000000001	602	0.5876047711154094
512	512	0.9000000000000001	590	0.5735595616825734
512	512	0.9000000000000001	604	0.6147623862487361
512	512	0.9000000000000001	601	0.530091478093404
512	512	0.9000000000000001	595	0.6127124907612712
512	512	0.9000000000000001	608	0.6110315789473685
512	512	0.9000000000000001	607	0.5356730927665184
512	512	0.9000000000000001	592	0.6047347917290979
512	512	0.9000000000000001	591	0.6371510379384395
512	512	0.9000000000000001	613	0.6462189317821259
512	512	0.9000000000000001	593	0.5699023199023199
512	512	0.9000000000000001	592	0.6117272996154984
512	512	0.9000000000000001	601	0.632840722495895
512	512	0.9000000000000001	587	0.608551724137931
512	512	0.9000000000000001	582	0.6047281323877068
512	512	0.9000000000000001	607	0.561307449809192
512	512	1	663	0.6377307921381775
512	512	1	658	0.6333056478405316
512	512	1	657	0.575106082036775
512	512	1	671	0.5076628352490421
512	512	1	663	0.6380740740740741
512	512	1	661	0.6270353302611367
512	512	1	660	0.6135710178263369
512	512	1	669	0.6318840579710145
512	512	1	661	0.6065173700832616
512	512	1	661	0.6104330136588201
512	512	1	663	0.5643667861409797
512	512	1	655	0.6131738173817382
512	512	1	666	0.6799257080947222
512	512	1	666	0.6326724821570182
512	512	1	662	0.5088662790697674
512	512	1	663	0.5963371054198928
512	512	1	670	0.6609186140209509
512	512	1	666	0.5889044724949353
512	512	1	657	0.6535714285714286
512	512	1	656	0.5800143781452193
512	512	1	662	0.626453488372093
512	512	1	672	0.5835621139327385
512	512	1	652	0.5807291666666666
512	512	1	663	0.6163949275362319
512	512	1	663	0.6440217391304348
