y.level	term	estimate	std.error	statistic	p.value	conf.low	conf.high	outcome	model	dmm_test_lvl
1	grtest_level	1.1927744388387571	0.1421366276208133	1.2402296131865604	0.2148904781623569	0.9027581270412887	1.5759601817265532	detect_worthy_lesions	standard_model	V1
1	senterBærum	2.041446220781878	0.14929191328925515	4.780288983608979	1.7504340003582971e-6	1.5235630677531697	2.735366038040365	detect_worthy_lesions	standard_model	V1
1	age_invitation	1.056415908378976	0.0121119712793182	4.5312161918514855	5.864508452228651e-6	1.0316329476243549	1.0817942312196756	detect_worthy_lesions	standard_model	V1
1	kjonnMale	1.4397829114615408	0.14219656318453572	2.563299267793034	0.010368263564737391	1.0895798941382189	1.902545048131829	detect_worthy_lesions	standard_model	V1
1	wcrf_index_main	0.7813050245077161	0.07297650967729657	-3.3817683270017964	7.20208562619869e-4	0.6771780922547295	0.9014431333543181	detect_worthy_lesions	standard_model	V1
1	SmokingSmoker	1.338559323456	0.16645671457275585	1.751770149935226	0.0798133389199881	0.9659383548097423	1.854922784139675	detect_worthy_lesions	standard_model	V1
1	SmokingMissing	9.564255715044551e-6	6.262351597156624e-7	-18455491.666620463	0	9.564243975899986e-6	9.564267454203524e-6	detect_worthy_lesions	standard_model	V1
1	UtdanningHigh school	1.0617324736405058	0.20101848159969377	0.29799241616541083	0.7657089518544484	0.7159914874442342	1.5744263239869685	detect_worthy_lesions	standard_model	V1
1	UtdanningUniversity/college	1.0652401231551198	0.2108510657466936	0.29973878137550913	0.7643764146283556	0.7046456310974722	1.6103647988453493	detect_worthy_lesions	standard_model	V1
1	UtdanningMissing	0.5208345099347522	1.0580352299897104	-0.6165417828042093	0.5375370042205186	0.06547847134515983	4.142866825784956	detect_worthy_lesions	standard_model	V1
1	colo_hemorrhoidsYes	0.6459336763901925	0.1892347696592678	-2.309609641948271	0.02090977531533694	0.44577016640328343	0.9359763073904014	detect_worthy_lesions	standard_model	V1
1	colo_IBDYes	0.18288365725396005	0.5814362982468045	-2.9219109404597656	0.003478910021508207	0.05851341206837084	0.5716028327232563	detect_worthy_lesions	standard_model	V1
1	antibiotics_reg_quest_combYes	0.951559469105244	0.17857001329606859	-0.27805952919611177	0.7809666620908196	0.6705587971509495	1.3503147331613108	detect_worthy_lesions	standard_model	V1
>= 3 Non-advanced adenomas	grtest_level	1.3360587523294676	0.21304106544236492	1.359944618378832	0.17384745004497826	0.8800040536913609	2.0284599624153956	final_result_cat_neg	standard_model	V1
>= 3 Non-advanced adenomas	senterBærum	2.3524369828898886	0.2249408873810462	3.8030071579431235	1.4295022362333554e-4	1.51372843076277	3.6558471427265933	final_result_cat_neg	standard_model	V1
>= 3 Non-advanced adenomas	age_invitation	1.0886459511847189	0.018603182607509254	4.565599294784875	4.98069368125282e-6	1.049667145350759	1.1290722133013404	final_result_cat_neg	standard_model	V1
>= 3 Non-advanced adenomas	kjonnMale	1.4683374630120312	0.21727389559193497	1.7679564411710305	0.07706818596548062	0.9591400023223136	2.247862564447699	final_result_cat_neg	standard_model	V1
>= 3 Non-advanced adenomas	wcrf_index_main	0.6904770479559584	0.11178011036841058	-3.313402940914287	9.21680905493177e-4	0.5546280683840307	0.8596004799091091	final_result_cat_neg	standard_model	V1
>= 3 Non-advanced adenomas	SmokingSmoker	1.1890750391710918	0.250696176801333	0.6907792894504796	0.4897042525849248	0.7274720130479069	1.9435791665110043	final_result_cat_neg	standard_model	V1
>= 3 Non-advanced adenomas	SmokingMissing	6.644500435550544e-5	1.0746875142731278e-6	-8950635.256180711	0	6.64448643992961e-5	6.644514431200957e-5	final_result_cat_neg	standard_model	V1
>= 3 Non-advanced adenomas	UtdanningHigh school	0.8495728345713452	0.29690743675391995	-0.5490654096190982	0.5829605623188542	0.4747582811980534	1.5202978648844045	final_result_cat_neg	standard_model	V1
>= 3 Non-advanced adenomas	UtdanningUniversity/college	0.8770187615070799	0.30907043429406006	-0.42458572368468944	0.6711387020169617	0.4785503667720711	1.607274722666249	final_result_cat_neg	standard_model	V1
>= 3 Non-advanced adenomas	UtdanningMissing	0.7798328855622123	1.3202112634020389	-0.18836048322414736	0.8505940750050316	0.05864563332392179	10.369729081879049	final_result_cat_neg	standard_model	V1
>= 3 Non-advanced adenomas	colo_hemorrhoidsYes	0.5948083341770347	0.3064200271520475	-1.69543765658131	0.08999242749163444	0.3262509951361799	1.084431801529927	final_result_cat_neg	standard_model	V1
>= 3 Non-advanced adenomas	colo_IBDYes	1.064197003188257e-7	1.0328083891181816e-7	-155458411.19197166	0	1.0641967877663636e-7	1.0641972186101941e-7	final_result_cat_neg	standard_model	V1
>= 3 Non-advanced adenomas	antibiotics_reg_quest_combYes	0.9224001186160811	0.27005605078296163	-0.2991089486721283	0.7648569186224596	0.5433094049579262	1.565998988898136	final_result_cat_neg	standard_model	V1
Advanced serrated	grtest_level	0.9869051710691323	0.2730480363821648	-0.04827473686765276	0.9614972881325352	0.5779050833413678	1.6853664118189866	final_result_cat_neg	standard_model	V1
Advanced serrated	senterBærum	1.6363539838728969	0.28201565778529725	1.74625263789779	0.08076706180367713	0.9415103423264373	2.8439988815420936	final_result_cat_neg	standard_model	V1
Advanced serrated	age_invitation	1.0813964686728001	0.02347000481905054	3.3341805018542003	8.555112124200933e-4	1.03277862924825	1.1323029827884907	final_result_cat_neg	standard_model	V1
Advanced serrated	kjonnMale	1.0967019812551624	0.2696423802338556	0.34233297177942446	0.7321003249877384	0.646500131982566	1.8604098842186054	final_result_cat_neg	standard_model	V1
Advanced serrated	wcrf_index_main	0.7305460221714637	0.1387410128146353	-2.2629433250292292	0.023639183195365746	0.5566100148482781	0.9588355873474989	final_result_cat_neg	standard_model	V1
Advanced serrated	SmokingSmoker	1.9160932577747407	0.2984610508799229	2.1788047371912787	0.029346176898666476	1.0674957032047852	3.439276955839424	final_result_cat_neg	standard_model	V1
Advanced serrated	SmokingMissing	4.827699760788486e-7	4.742757189767875e-8	-306651278.03952205	0	4.827699312023243e-7	4.827700209553771e-7	final_result_cat_neg	standard_model	V1
Advanced serrated	UtdanningHigh school	1.4442608044456853	0.41528668426830057	0.8851659602494802	0.3760671284632973	0.6399601899503146	3.2594047317537713	final_result_cat_neg	standard_model	V1
Advanced serrated	UtdanningUniversity/college	2.236675427533745	0.4227415180922669	1.9042146200133883	0.0568822384248216	0.976707975311596	5.122019164978417	final_result_cat_neg	standard_model	V1
Advanced serrated	UtdanningMissing	3.260682835370381	1.3308165610256542	0.888128887753593	0.37447142522133214	0.24016816884630893	44.26919938621345	final_result_cat_neg	standard_model	V1
Advanced serrated	colo_hemorrhoidsYes	1.2021379473723413	0.3304833909802224	0.5570676149588583	0.5774812331281672	0.6289937558653802	2.297535756176695	final_result_cat_neg	standard_model	V1
Advanced serrated	colo_IBDYes	0.8506357291023451	0.7862191195044401	-0.20575853275990247	0.8369795341179128	0.1821850317030883	3.97168272750704	final_result_cat_neg	standard_model	V1
Advanced serrated	antibiotics_reg_quest_combYes	1.1059066543612637	0.3242479992682024	0.3104583542653058	0.7562124243872109	0.585757791227379	2.0879441067234032	final_result_cat_neg	standard_model	V1
Advanced adenoma	grtest_level	1.1980289904305252	0.1677793884192304	1.0768766063970698	0.28153539546265544	0.8622898083625914	1.6644908103894154	final_result_cat_neg	standard_model	V1
Advanced adenoma	senterBærum	2.0761384417892237	0.17671860509323195	4.133744998106623	3.5689945493752474e-5	1.4683620803152437	2.9354822541791554	final_result_cat_neg	standard_model	V1
Advanced adenoma	age_invitation	1.0406209870514855	0.01430933062699863	2.782634557150293	0.005391950152595184	1.0118414263125926	1.0702191178694296	final_result_cat_neg	standard_model	V1
Advanced adenoma	kjonnMale	1.6092174883615193	0.17020032787533493	2.7952239264743035	0.0051863777527212385	1.1527628231166882	2.246412594957902	final_result_cat_neg	standard_model	V1
Advanced adenoma	wcrf_index_main	0.7875751526885788	0.08684537078066723	-2.749674262469187	0.0059654533533855724	0.6643074033369958	0.9337162554814699	final_result_cat_neg	standard_model	V1
Advanced adenoma	SmokingSmoker	1.4546039938940625	0.19310388941768292	1.9405807700910191	0.05230914844623007	0.9962640220964472	2.1238072761075	final_result_cat_neg	standard_model	V1
Advanced adenoma	SmokingMissing	9.043309774744691e-8	8.798384107811085e-9	-1843367522.0694582	0	9.043309618797184e-8	9.0433099306922e-8	final_result_cat_neg	standard_model	V1
Advanced adenoma	UtdanningHigh school	1.0493738550973393	0.23886296546977512	0.20176278780337145	0.8401021742508235	0.6570670888755117	1.675910278273704	final_result_cat_neg	standard_model	V1
Advanced adenoma	UtdanningUniversity/college	1.0049628325304798	0.2516258784145636	0.019674281125706773	0.9843032074968779	0.6137134822697613	1.6456381095498824	final_result_cat_neg	standard_model	V1
Advanced adenoma	UtdanningMissing	4.263574857265136e-9	1.0495019275619762e-8	-1836409953.5262473	0	4.263574769563997e-9	4.263574944966277e-9	final_result_cat_neg	standard_model	V1
Advanced adenoma	colo_hemorrhoidsYes	0.7068987344277077	0.22635527700137995	-1.5324045487915128	0.12542263566167292	0.45361065056931305	1.1016183595079372	final_result_cat_neg	standard_model	V1
Advanced adenoma	colo_IBDYes	0.08896160933887783	1.0444050449001554	-2.3166781603251465	0.020521270127568138	0.01148691599000674	0.6889723876319978	final_result_cat_neg	standard_model	V1
Advanced adenoma	antibiotics_reg_quest_combYes	0.927963697351284	0.21376841578927644	-0.349736727563821	0.7265362876304098	0.6103388024339466	1.4108829721588267	final_result_cat_neg	standard_model	V1
Cancer	grtest_level	1.1574781206176645	0.28385284862597876	0.5152092192604527	0.6064068273850883	0.6635853777186946	2.018964921009074	final_result_cat_neg	standard_model	V1
Cancer	senterBærum	1.9050191451335758	0.2918104463740234	2.2085983091948034	0.027202593064612975	1.075250968348756	3.3751171123320183	final_result_cat_neg	standard_model	V1
Cancer	age_invitation	1.0357389779115638	0.02374805110763673	1.4786544003179907	0.13923270537333718	0.988634911547046	1.0850873440091355	final_result_cat_neg	standard_model	V1
Cancer	kjonnMale	1.2035601286720878	0.2844792826500976	0.6513090752078818	0.514846991289212	0.6891576599436792	2.1019239392152365	final_result_cat_neg	standard_model	V1
Cancer	wcrf_index_main	1.0225003340716206	0.14700882395770146	0.15135782367444714	0.8796934579264162	0.7665302895808481	1.3639473187005782	final_result_cat_neg	standard_model	V1
Cancer	SmokingSmoker	0.7088631753561089	0.3779980026798426	-0.9103031000337493	0.3626626841197669	0.33791691574311666	1.4870134579410477	final_result_cat_neg	standard_model	V1
Cancer	SmokingMissing	9.814352135035526e-5	7.2898483454245825e-6	-1266018.0582289768	0	9.814211910142208e-5	9.814492361932368e-5	final_result_cat_neg	standard_model	V1
Cancer	UtdanningHigh school	1.199136162449289	0.42425052662866264	0.42805234535480313	0.6686130106961932	0.5220905077301742	2.7541729160047366	final_result_cat_neg	standard_model	V1
Cancer	UtdanningUniversity/college	0.8838905326633324	0.44628592565713915	-0.2765537713504247	0.7821227657010013	0.36856934732284624	2.1197163557053127	final_result_cat_neg	standard_model	V1
Cancer	UtdanningMissing	1.713245683402674e-8	1.0836992557914168e-8	-1650115658.6058352	0	1.713245647013138e-8	1.7132457197922103e-8	final_result_cat_neg	standard_model	V1
Cancer	colo_hemorrhoidsYes	0.07112922712381868	1.0190054252642755	-2.593957687021468	0.009487816278834976	0.009653150989216588	0.5241155926063458	final_result_cat_neg	standard_model	V1
Cancer	colo_IBDYes	0.33591154753010094	1.047855607242383	-1.0410856205132015	0.2978358125966863	0.04308128252905808	2.619155260476742	final_result_cat_neg	standard_model	V1
Cancer	antibiotics_reg_quest_combYes	0.9098375726701606	0.36261096846516955	-0.2605800573930676	0.7944163703805921	0.447001367287317	1.8519057641052938	final_result_cat_neg	standard_model	V1
1	grtest_level	1.0898515191234577	0.15045601546588652	0.5718712256738311	0.5674092191893179	0.8115194652225549	1.4636449088870185	detect_worthy_lesions	standard_model	V2
1	senterBærum	2.0558354603695372	0.14918307049303162	4.830858575343152	1.359455449671665e-6	1.5346293254985477	2.7540588270329036	detect_worthy_lesions	standard_model	V2
1	age_invitation	1.0550339125053354	0.01212357957458715	4.418902077281023	9.920358007441307e-6	1.0302599320694996	1.0804036164935782	detect_worthy_lesions	standard_model	V2
1	kjonnMale	1.4529837814649609	0.14196246191956693	2.6318170125491402	0.008492959221948423	1.1000745056330654	1.9191080771254634	detect_worthy_lesions	standard_model	V2
1	wcrf_index_main	0.7776730570493398	0.07318213120597915	-3.435935441325736	5.905116683674189e-4	0.6737585816090434	0.8976143683634649	detect_worthy_lesions	standard_model	V2
1	SmokingSmoker	1.352858469546972	0.1664042261412528	1.8161782654690104	0.06934303098811918	0.9763574192956815	1.8745451229788908	detect_worthy_lesions	standard_model	V2
1	SmokingMissing	9.419315858334343e-6	5.423096231149672e-7	-21339743.211718462	0	9.419305846479792e-6	9.419325870199534e-6	detect_worthy_lesions	standard_model	V2
1	UtdanningHigh school	1.0534235126615794	0.20091206955995888	0.2590454056165122	0.7956002072263328	0.7105364208795849	1.5617793323733402	detect_worthy_lesions	standard_model	V2
1	UtdanningUniversity/college	1.0616320856038328	0.21080570446300045	0.2837087712982175	0.7766335723024481	0.7023213886825285	1.6047677079830638	detect_worthy_lesions	standard_model	V2
1	UtdanningMissing	0.49964656654275696	1.0547657608885186	-0.6578278544405444	0.5106487536733004	0.0632185694300591	3.948945597925281	detect_worthy_lesions	standard_model	V2
1	colo_hemorrhoidsYes	0.661051935210169	0.18884451788710716	-2.1918712609835813	0.02838880375557057	0.45655261632761746	0.95715071038281	detect_worthy_lesions	standard_model	V2
1	colo_IBDYes	0.18011843661844423	0.5801058006900135	-2.9548759230026205	0.0031279482056996077	0.05777915896713038	0.5614940021596474	detect_worthy_lesions	standard_model	V2
1	antibiotics_reg_quest_combYes	0.9488033704954195	0.178278423644011	-0.29478440123969935	0.7681585832304403	0.6689988164886783	1.34563442217794	detect_worthy_lesions	standard_model	V2
>= 3 Non-advanced adenomas	grtest_level	0.8876226788833153	0.23187363191600474	-0.5141099333835353	0.6071751328660664	0.5634523527502124	1.398297506829775	final_result_cat_neg	standard_model	V2
>= 3 Non-advanced adenomas	senterBærum	2.371427843183043	0.22460230062126857	3.8445387105437394	1.2077941901468645e-4	1.5269615092688147	3.6829153723178476	final_result_cat_neg	standard_model	V2
>= 3 Non-advanced adenomas	age_invitation	1.0878722526016764	0.018588407773458035	4.5309812264921	5.871035627754379e-6	1.0489515241780596	1.1282371117273404	final_result_cat_neg	standard_model	V2
>= 3 Non-advanced adenomas	kjonnMale	1.4914195926820706	0.2167893728275257	1.8438561260415074	0.06520411055865495	0.9751431972206247	2.281031552879409	final_result_cat_neg	standard_model	V2
>= 3 Non-advanced adenomas	wcrf_index_main	0.6932297363598888	0.11190965909455108	-3.27401430578131	0.0010603124317381239	0.556697805278335	0.8632465636061367	final_result_cat_neg	standard_model	V2
>= 3 Non-advanced adenomas	SmokingSmoker	1.1909697162839568	0.25070850960929697	0.6970958552173118	0.4857428079028246	0.7286135578217442	1.9467231289875386	final_result_cat_neg	standard_model	V2
>= 3 Non-advanced adenomas	SmokingMissing	1.5527549804906506e-5	2.3307923218065216e-7	-47506998.37730227	0	1.552754271150569e-5	1.5527556898310567e-5	final_result_cat_neg	standard_model	V2
>= 3 Non-advanced adenomas	UtdanningHigh school	0.8502202523028407	0.2967330981473936	-0.5468208424352279	0.5845018224938254	0.47528244619517346	1.520936620346083	final_result_cat_neg	standard_model	V2
>= 3 Non-advanced adenomas	UtdanningUniversity/college	0.8873632078194731	0.30915328558677374	-0.3865425570998296	0.6990948909970066	0.48411625394859353	1.626496644492498	final_result_cat_neg	standard_model	V2
>= 3 Non-advanced adenomas	UtdanningMissing	0.7928867906831156	1.3091737149209055	-0.1772681697598369	0.859297751663632	0.06093130730547121	10.317675602921463	final_result_cat_neg	standard_model	V2
>= 3 Non-advanced adenomas	colo_hemorrhoidsYes	0.6042468973678932	0.3060418621720133	-1.6460898209128632	0.0997452678218782	0.3316737673208334	1.1008236072693205	final_result_cat_neg	standard_model	V2
>= 3 Non-advanced adenomas	colo_IBDYes	5.249088190855075e-8	5.029115662072998e-8	-333311609.56945294	0	5.2490876734584907e-8	5.24908870825171e-8	final_result_cat_neg	standard_model	V2
>= 3 Non-advanced adenomas	antibiotics_reg_quest_combYes	0.9065468828637857	0.27012718201476216	-0.36320865913894357	0.7164490196360909	0.5338971403886466	1.5392988436532984	final_result_cat_neg	standard_model	V2
Advanced serrated	grtest_level	0.9978304826966015	0.28844970635124856	-0.007529472443971438	0.9939924069507189	0.5669280326150803	1.7562470276973352	final_result_cat_neg	standard_model	V2
Advanced serrated	senterBærum	1.629060598659384	0.2816103820377773	1.7329031881226014	0.08311287753856028	0.9380587697462425	2.8290748082045756	final_result_cat_neg	standard_model	V2
Advanced serrated	age_invitation	1.081627792283583	0.023544051780544747	3.3327790066168164	8.598320998785776e-4	1.0328496452189369	1.1327095734174029	final_result_cat_neg	standard_model	V2
Advanced serrated	kjonnMale	1.099297156154072	0.2691918187226129	0.35168612139791844	0.7250736700016621	0.6486024920027624	1.8631661956724084	final_result_cat_neg	standard_model	V2
Advanced serrated	wcrf_index_main	0.7312970098415843	0.1391863155235726	-2.248321570711741	0.024555692218661142	0.5566961157429059	0.9606593282756476	final_result_cat_neg	standard_model	V2
Advanced serrated	SmokingSmoker	1.90878058072706	0.29811173255192325	2.1685312189006174	0.030118291983277083	1.064149979953665	3.4238062058877974	final_result_cat_neg	standard_model	V2
Advanced serrated	SmokingMissing	2.3793452116144448e-7	2.3082673234868456e-8	-660723745.7774038	0	2.3793451039699954e-7	2.3793453192588993e-7	final_result_cat_neg	standard_model	V2
Advanced serrated	UtdanningHigh school	1.4503202540097653	0.4157834850528411	0.8941778840314155	0.3712267232331211	0.6420197200402262	3.276268272661715	final_result_cat_neg	standard_model	V2
Advanced serrated	UtdanningUniversity/college	2.2333296371459084	0.42301377339108437	1.8994501674897026	0.057505312747522686	0.9747266774617604	5.1170870598747396	final_result_cat_neg	standard_model	V2
Advanced serrated	UtdanningMissing	3.2595059362221743	1.332338649883246	0.8868433192197154	0.37516326139136963	0.23936633015070535	44.38543608693198	final_result_cat_neg	standard_model	V2
Advanced serrated	colo_hemorrhoidsYes	1.1980422645734314	0.33001387566321316	0.5475187307942455	0.5840224056813015	0.627427889098689	2.2876019581566203	final_result_cat_neg	standard_model	V2
Advanced serrated	colo_IBDYes	0.8488976196662451	0.7863563935860655	-0.2083237201346708	0.8349762119279279	0.1817638613039829	3.9646339129527837	final_result_cat_neg	standard_model	V2
Advanced serrated	antibiotics_reg_quest_combYes	1.1049261551419927	0.32402998391860716	0.30792985144206775	0.7581357105534223	0.5854885842451986	2.085201729237437	final_result_cat_neg	standard_model	V2
Advanced adenoma	grtest_level	1.168436856298208	0.17743385936943418	0.8773231661316554	0.38031113282359946	0.825226703131618	1.6543874331442863	final_result_cat_neg	standard_model	V2
Advanced adenoma	senterBærum	2.0927859514283362	0.17672404991044666	4.178809674297607	2.9303878499710003e-5	1.4801203416858626	2.9590519872912835	final_result_cat_neg	standard_model	V2
Advanced adenoma	age_invitation	1.0387197338983931	0.01433069323856129	2.6508787181034403	0.008028266435737447	1.009950467024658	1.0683085169201734	final_result_cat_neg	standard_model	V2
Advanced adenoma	kjonnMale	1.6240909849727232	0.17016066361274948	2.8499434305409332	0.004372700549899058	1.1635078994623105	2.2669992431410324	final_result_cat_neg	standard_model	V2
Advanced adenoma	wcrf_index_main	0.7818477775240874	0.0871919567439022	-2.8224531765647147	0.004765778069264845	0.659028623783994	0.9275559894644463	final_result_cat_neg	standard_model	V2
Advanced adenoma	SmokingSmoker	1.476184912181068	0.193218953790193	2.0156459288660313	0.043837013455927935	1.0108168911102504	2.155802810692594	final_result_cat_neg	standard_model	V2
Advanced adenoma	SmokingMissing	3.476600437362104e-8	2.864372606076731e-9	-5995946818.16522	0	3.476600417844241e-8	3.4766004568799674e-8	final_result_cat_neg	standard_model	V2
Advanced adenoma	UtdanningHigh school	1.0357715855570502	0.23885464213977553	0.14714657396737865	0.8830163292366084	0.6485605865810146	1.6541596878449147	final_result_cat_neg	standard_model	V2
Advanced adenoma	UtdanningUniversity/college	0.9962240174670768	0.25172081483284336	-0.015029069226947795	0.9880089891097243	0.6082636471755534	1.6316317728121668	final_result_cat_neg	standard_model	V2
Advanced adenoma	UtdanningMissing	1.3566781741764602e-9	3.4629710049062684e-9	-5896158707.385624	0	1.356678164968279e-9	1.3566781833846414e-9	final_result_cat_neg	standard_model	V2
Advanced adenoma	colo_hemorrhoidsYes	0.7293840942789322	0.22609148359039533	-1.3956952398933462	0.1628062883562892	0.46828135749638833	1.1360716126547947	final_result_cat_neg	standard_model	V2
Advanced adenoma	colo_IBDYes	0.08766576460103383	1.0434822642729704	-2.3327888825628253	0.019659228455692356	0.011340085038454182	0.677709757644947	final_result_cat_neg	standard_model	V2
Advanced adenoma	antibiotics_reg_quest_combYes	0.9305027363906639	0.2136535845503868	-0.3371357530988552	0.7360145664016298	0.612146532453033	1.4144249726628075	final_result_cat_neg	standard_model	V2
Cancer	grtest_level	1.2934202889130033	0.2882770065993552	0.8925099488083327	0.37211966261266927	0.7351193190486368	2.27573402088908	final_result_cat_neg	standard_model	V2
Cancer	senterBærum	1.8960676509275425	0.2925755504121764	2.1867243628660145	0.028762651974859717	1.0685948300817412	3.3642990174478826	final_result_cat_neg	standard_model	V2
Cancer	age_invitation	1.0331716038114889	0.023761332132158305	1.3733783085747397	0.1696347695603926	0.98615862792528	1.082425821460524	final_result_cat_neg	standard_model	V2
Cancer	kjonnMale	1.2133781773697747	0.284760273976598	0.6791970978513208	0.49701298591217347	0.6943969349823542	2.12023775904859	final_result_cat_neg	standard_model	V2
Cancer	wcrf_index_main	1.011871512695473	0.14784218355560017	0.07982565450006553	0.9363759200881896	0.7573242694022447	1.3519756325949717	final_result_cat_neg	standard_model	V2
Cancer	SmokingSmoker	0.7260046725124465	0.37877979809699086	-0.8453429401968898	0.39791939274972626	0.3455584100611927	1.5253073551778613	final_result_cat_neg	standard_model	V2
Cancer	SmokingMissing	1.4511793285226538e-4	9.1052319314832e-6	-970646.7537133938	0	1.4511534311138741e-4	1.4512052263936011e-4	final_result_cat_neg	standard_model	V2
Cancer	UtdanningHigh school	1.1887837406827564	0.42445811585902726	0.40741526982945286	0.6837030137109963	0.5173726338880237	2.7315066347663657	final_result_cat_neg	standard_model	V2
Cancer	UtdanningUniversity/college	0.8729037598445701	0.4471226524279512	-0.3040104749988334	0.7611199107418588	0.3633915901643792	2.0968040939145456	final_result_cat_neg	standard_model	V2
Cancer	UtdanningMissing	6.450584401068313e-9	4.10578079347153e-9	-4593302968.198776	0	6.450584349159272e-9	6.450584452977354e-9	final_result_cat_neg	standard_model	V2
Cancer	colo_hemorrhoidsYes	0.07367444899056261	1.0192108049550663	-2.558939933355019	0.010499188077414085	0.009994546350811888	0.5430886248901214	final_result_cat_neg	standard_model	V2
Cancer	colo_IBDYes	0.32385474830533845	1.049129639535769	-1.0746623953053243	0.2825259056219166	0.04143138970482188	2.5314598121652603	final_result_cat_neg	standard_model	V2
Cancer	antibiotics_reg_quest_combYes	0.9193498557659884	0.3630742615910007	-0.23160148257484403	0.8168475558910067	0.4512647812219111	1.8729672521935885	final_result_cat_neg	standard_model	V2
1	grtest_level	0.5481662361036309	0.18027225567001484	-3.334826455946556	8.535264870843291e-4	0.38500312955752264	0.7804773502733994	detect_worthy_lesions	standard_model	V3
1	senterBærum	2.006888168542413	0.15000342422557536	4.643796307662266	3.42064818621799e-6	1.49568461505835	2.6928137660080127	detect_worthy_lesions	standard_model	V3
1	age_invitation	1.0544964562878143	0.012152046981862664	4.3666190929532105	1.2618449971922944e-5	1.029677643670207	1.0799134886138269	detect_worthy_lesions	standard_model	V3
1	kjonnMale	1.383746722596146	0.14332036588159494	2.266215513376742	0.023438191261811018	1.0448695876947274	1.832530121314045	detect_worthy_lesions	standard_model	V3
1	wcrf_index_main	0.7587248126980072	0.0740327647437651	-3.729647729626884	1.917476587964259e-4	0.6562472303407904	0.8772049843237939	detect_worthy_lesions	standard_model	V3
1	SmokingSmoker	1.3396977270749542	0.16732906010422285	1.747718008603268	0.08051286888480545	0.9651083350301113	1.8596772349643016	detect_worthy_lesions	standard_model	V3
1	SmokingMissing	9.520280153988141e-6	7.046527414003888e-7	-16408204.49896526	0	9.520267005595473e-6	9.52029330239897e-6	detect_worthy_lesions	standard_model	V3
1	UtdanningHigh school	1.0332674435675953	0.20221443083671503	0.16183838297358655	0.8714331262143796	0.6951643788210108	1.5358117338339732	detect_worthy_lesions	standard_model	V3
1	UtdanningUniversity/college	1.017785909938418	0.21227147330866045	0.0830520990751784	0.9338101135952973	0.6713834456541077	1.5429158481260148	detect_worthy_lesions	standard_model	V3
1	UtdanningMissing	0.49335646490430124	1.0840384123001825	-0.6517511793448654	0.5145617006784411	0.058942106673159834	4.129485951571953	detect_worthy_lesions	standard_model	V3
1	colo_hemorrhoidsYes	0.6356782860899596	0.18966884407948525	-2.388703771048946	0.016907929110484367	0.4383196735672985	0.9218999460315712	detect_worthy_lesions	standard_model	V3
1	colo_IBDYes	0.18909710049926923	0.5859685792009208	-2.8422934193287652	0.004479024791601982	0.05996633557911966	0.5962964565352165	detect_worthy_lesions	standard_model	V3
1	antibiotics_reg_quest_combYes	0.9944891830999775	0.18027789289459986	-0.03065299566423518	0.9755462775550771	0.6984691727555525	1.4159661927542075	detect_worthy_lesions	standard_model	V3
>= 3 Non-advanced adenomas	grtest_level	0.5230915310139794	0.28844201400598524	-2.246547962036797	0.02466893105829217	0.2972045140052632	0.9206614870381927	final_result_cat_neg	standard_model	V3
>= 3 Non-advanced adenomas	senterBærum	2.3259062546712808	0.2255858250010496	3.7418563424522855	1.8266593136476996e-4	1.4947659772346884	3.619188547177912	final_result_cat_neg	standard_model	V3
>= 3 Non-advanced adenomas	age_invitation	1.0858363679973007	0.018575423681809682	4.43330593876463	9.279903629535438e-6	1.0470151217431187	1.1260970291457189	final_result_cat_neg	standard_model	V3
>= 3 Non-advanced adenomas	kjonnMale	1.4153888510689652	0.21849110174999398	1.5900157808234778	0.1118312479531872	0.9223501174097047	2.171979557346828	final_result_cat_neg	standard_model	V3
>= 3 Non-advanced adenomas	wcrf_index_main	0.669543116870575	0.11289831540406789	-3.5532834381963063	3.804543038336474e-4	0.536635413848295	0.8353678750606903	final_result_cat_neg	standard_model	V3
>= 3 Non-advanced adenomas	SmokingSmoker	1.1926824933592042	0.251092208158492	0.7017540194798563	0.4828325782414888	0.7291128787289096	1.9509894441110578	final_result_cat_neg	standard_model	V3
>= 3 Non-advanced adenomas	SmokingMissing	2.5619919147356113e-5	4.2325367636407305e-7	-24978260.101981148	0	2.5619897894054528e-5	2.561994040067533e-5	final_result_cat_neg	standard_model	V3
>= 3 Non-advanced adenomas	UtdanningHigh school	0.8252712511812939	0.29771632310955165	-0.645054175633799	0.5188920783802211	0.46044750369283577	1.4791537201615088	final_result_cat_neg	standard_model	V3
>= 3 Non-advanced adenomas	UtdanningUniversity/college	0.8358641411775757	0.31061390754096735	-0.5772091503443019	0.5637981764533928	0.4547164407108668	1.5364935154187165	final_result_cat_neg	standard_model	V3
>= 3 Non-advanced adenomas	UtdanningMissing	0.7153568241686199	1.3326796361328916	-0.25135358634673555	0.8015407486794446	0.05249812124976339	9.747689511592194	final_result_cat_neg	standard_model	V3
>= 3 Non-advanced adenomas	colo_hemorrhoidsYes	0.5908470741012182	0.30635608078334314	-1.7176027698882894	0.08586909476397171	0.32411887325836014	1.0770747826699285	final_result_cat_neg	standard_model	V3
>= 3 Non-advanced adenomas	colo_IBDYes	5.571002452666799e-8	5.477069685818067e-8	-304964272.70055556	0	5.57100185462755e-8	5.571003050706111e-8	final_result_cat_neg	standard_model	V3
>= 3 Non-advanced adenomas	antibiotics_reg_quest_combYes	0.9656671143782497	0.27146205348614694	-0.12869609509992325	0.8975981253737376	0.5672291261902206	1.643979359901376	final_result_cat_neg	standard_model	V3
Advanced serrated	grtest_level	0.7974220029115107	0.33533973111782944	-0.6750504938478625	0.4996436850132746	0.41328202630044786	1.5386148205369372	final_result_cat_neg	standard_model	V3
Advanced serrated	senterBærum	1.6122055122665921	0.2816167313904998	1.6959330597984603	0.08989855792209556	0.9283415855822749	2.799838609139231	final_result_cat_neg	standard_model	V3
Advanced serrated	age_invitation	1.0807052767918277	0.023459378896390094	3.308436357648698	9.381850550126314e-4	1.0321400078017489	1.1315556866874528	final_result_cat_neg	standard_model	V3
Advanced serrated	kjonnMale	1.0756392485997197	0.2708665886758201	0.26919205894725096	0.7877818908481182	0.6325641606804332	1.8290631449679575	final_result_cat_neg	standard_model	V3
Advanced serrated	wcrf_index_main	0.7234297316713215	0.13980269064413567	-2.315777034848051	0.020570445757062454	0.5500422975875736	0.9514733302536909	final_result_cat_neg	standard_model	V3
Advanced serrated	SmokingSmoker	1.9083714125608289	0.29838731731020834	2.1658099297886926	0.03032571424435252	1.0633473601251717	3.4249216999520367	final_result_cat_neg	standard_model	V3
Advanced serrated	SmokingMissing	4.5179709606696617e-7	5.1103464842838434e-8	-285891234.68122756	0	4.517970508145422e-7	4.517971413193947e-7	final_result_cat_neg	standard_model	V3
Advanced serrated	UtdanningHigh school	1.4280720575424326	0.41549949665675673	0.8575830439634786	0.3911227411992427	0.6325229806901296	3.2242145562969924	final_result_cat_neg	standard_model	V3
Advanced serrated	UtdanningUniversity/college	2.1838927894057223	0.42388364763491393	1.842743809382723	0.0653664243726488	0.9515265251676011	5.012353927577825	final_result_cat_neg	standard_model	V3
Advanced serrated	UtdanningMissing	3.2292335089568756	1.3437053475567284	0.8723972167533321	0.3829917183645259	0.23191849546301274	44.96385264379669	final_result_cat_neg	standard_model	V3
Advanced serrated	colo_hemorrhoidsYes	1.1785571892149849	0.3298782624512225	0.4980351482371108	0.6184592687387798	0.617387419101127	2.249798109382611	final_result_cat_neg	standard_model	V3
Advanced serrated	colo_IBDYes	0.8667130736652794	0.7877885053099098	-0.18158084000109073	0.8559116863302507	0.18505829482463804	4.059215788052883	final_result_cat_neg	standard_model	V3
Advanced serrated	antibiotics_reg_quest_combYes	1.130619706945646	0.3256921379630939	0.3769384683176472	0.7062193327828468	0.5971547629107403	2.1406526433833912	final_result_cat_neg	standard_model	V3
Advanced adenoma	grtest_level	0.5552209995982412	0.21951659720650646	-2.680385239697623	0.007353747477868034	0.36108796803943594	0.853726475763387	final_result_cat_neg	standard_model	V3
Advanced adenoma	senterBærum	2.0408488235698927	0.17741696674269125	4.020843239499929	5.799018669687811e-5	1.441428947537283	2.889538140456198	final_result_cat_neg	standard_model	V3
Advanced adenoma	age_invitation	1.0387595459141106	0.014334665905015118	2.6528178058898515	0.007982294417216285	1.0099813123417507	1.068357781517622	final_result_cat_neg	standard_model	V3
Advanced adenoma	kjonnMale	1.5501041160610445	0.1712357748551394	2.559757741618746	0.010474515226674887	1.1081657253397477	2.168288294508226	final_result_cat_neg	standard_model	V3
Advanced adenoma	wcrf_index_main	0.7654417020754937	0.08791402552225411	-3.0404957782130926	0.0023618900286008267	0.6442872917149364	0.9093784819450693	final_result_cat_neg	standard_model	V3
Advanced adenoma	SmokingSmoker	1.4542561946140515	0.19372040298288526	1.9331704750539447	0.05321520061670693	0.9948229976522277	2.125866696451925	final_result_cat_neg	standard_model	V3
Advanced adenoma	SmokingMissing	5.587314641348856e-8	5.922860523753618e-9	-2819614254.192668	0	5.5873145764879834e-8	5.5873147062097286e-8	final_result_cat_neg	standard_model	V3
Advanced adenoma	UtdanningHigh school	1.021609575025463	0.23979635837944244	0.08915647599711823	0.9289575546949852	0.6385132654427	1.6345566807607184	final_result_cat_neg	standard_model	V3
Advanced adenoma	UtdanningUniversity/college	0.961425785563124	0.2528319024979944	-0.15558915882622965	0.8763568708717479	0.5857399694224991	1.578071481201817	final_result_cat_neg	standard_model	V3
Advanced adenoma	UtdanningMissing	2.3440183828472634e-9	6.674921338091156e-9	-2977023715.5234313	0	2.3440183521813963e-9	2.3440184135131305e-9	final_result_cat_neg	standard_model	V3
Advanced adenoma	colo_hemorrhoidsYes	0.695347279635493	0.22661047482813457	-1.6033851725701875	0.10884964256350607	0.4459750614881924	1.0841589161578757	final_result_cat_neg	standard_model	V3
Advanced adenoma	colo_IBDYes	0.09123017695813694	1.0471380084764488	-2.2865845089683754	0.02222008628238612	0.011716908231702712	0.7103362954822326	final_result_cat_neg	standard_model	V3
Advanced adenoma	antibiotics_reg_quest_combYes	0.9675183594179095	0.2152761116083608	-0.15338849196503387	0.8780919195765811	0.6344769605988296	1.4753755202194019	final_result_cat_neg	standard_model	V3
Cancer	grtest_level	0.3336544362556924	0.4537265315058916	-2.4191872578888702	0.015555230228801512	0.13711475114215735	0.811913247158101	final_result_cat_neg	standard_model	V3
Cancer	senterBærum	1.8360312641915566	0.29399520428763587	2.066721877155612	0.038760368504632554	1.0318840524278963	3.266850374474992	final_result_cat_neg	standard_model	V3
Cancer	age_invitation	1.0339296971081546	0.023794094585320693	1.4023136061658263	0.16082161913837595	0.986818856426603	1.0832896145024877	final_result_cat_neg	standard_model	V3
Cancer	kjonnMale	1.1302410768835198	0.2863131700153924	0.427612017771363	0.6689336149186871	0.6448532230888592	1.9809855113320725	final_result_cat_neg	standard_model	V3
Cancer	wcrf_index_main	0.982633855043135	0.14904800418974218	-0.11753733559884462	0.9064342595437772	0.7337055965337518	1.3160173476099621	final_result_cat_neg	standard_model	V3
Cancer	SmokingSmoker	0.7016765425522857	0.3790747663828376	-0.9345986020569005	0.3499951997382814	0.33378585768083135	1.4750474264817972	final_result_cat_neg	standard_model	V3
Cancer	SmokingMissing	3.9921472684399224e-5	3.960463509624267e-6	-2557426.975831576	0	3.992116280052603e-5	3.992178257067786e-5	final_result_cat_neg	standard_model	V3
Cancer	UtdanningHigh school	1.1487858957879589	0.42656637330524294	0.3251677829603549	0.7450540903568534	0.49790345470754666	2.6505319894526544	final_result_cat_neg	standard_model	V3
Cancer	UtdanningUniversity/college	0.8145886385102733	0.44928699112107656	-0.456438835847197	0.6480744443607529	0.33767940061840457	1.9650433185288438	final_result_cat_neg	standard_model	V3
Cancer	UtdanningMissing	1.1892043532555662e-8	8.640378141649879e-9	-2111874731.8707073	0	1.1892043331165923e-8	1.1892043733945403e-8	final_result_cat_neg	standard_model	V3
Cancer	colo_hemorrhoidsYes	0.06823387074433496	1.0191026893805855	-2.6344883856293713	0.008426418659406775	0.009258448743379895	0.5028770203090135	final_result_cat_neg	standard_model	V3
Cancer	colo_IBDYes	0.3628660978177359	1.0537122682979827	-0.962047628942914	0.33602567940391553	0.04600710282212941	2.861988624985457	final_result_cat_neg	standard_model	V3
Cancer	antibiotics_reg_quest_combYes	0.9720058390831267	0.3652894642881298	-0.07772867829053608	0.9380438811361985	0.47504408858115393	1.9888582426813832	final_result_cat_neg	standard_model	V3
1	grtest_level	1.5539957919769902	0.27422948732193486	1.6075205784079591	0.10794021890794339	0.907873366264251	2.6599556845897134	detect_worthy_lesions	standard_model	V4
1	senterBærum	2.0605441614784343	0.14937660641552858	4.8399151736302715	1.2989455995209042e-6	1.5375609086079964	2.761414014646588	detect_worthy_lesions	standard_model	V4
1	age_invitation	1.0558692051358953	0.012107913656757757	4.489982368661003	7.122906925229493e-6	1.031107269902573	1.0812257957017877	detect_worthy_lesions	standard_model	V4
1	kjonnMale	1.432104480058272	0.14237810021845423	2.522473795200503	0.011653263228925887	1.0833835692308091	1.8930721307312304	detect_worthy_lesions	standard_model	V4
1	wcrf_index_main	0.7767548634831513	0.07306002741792716	-3.4578479961387893	5.445085080549259e-4	0.673124151336593	0.8963400239713388	detect_worthy_lesions	standard_model	V4
1	SmokingSmoker	1.3363161818987357	0.16669237322306824	1.7392320032785746	0.08199396227705043	0.9638743474822022	1.852669845057152	detect_worthy_lesions	standard_model	V4
1	SmokingMissing	8.257539711553212e-6	5.513397266108638e-7	-21228986.96687669	0	8.257530788411007e-6	8.257548634705059e-6	detect_worthy_lesions	standard_model	V4
1	UtdanningHigh school	1.0577497994877965	0.20098523586122716	0.2793430115033563	0.7799816010590455	0.7133522062253327	1.5684182771883906	detect_worthy_lesions	standard_model	V4
1	UtdanningUniversity/college	1.071199341520689	0.21081818455335014	0.32624747636702456	0.7442371237092436	0.7086332612053441	1.6192692216035436	detect_worthy_lesions	standard_model	V4
1	UtdanningMissing	0.5226681142200438	1.051943044032218	-0.6167716026745289	0.5373853850776888	0.0664982879156782	4.1081051284920225	detect_worthy_lesions	standard_model	V4
1	colo_hemorrhoidsYes	0.6418293611826534	0.1892230635366417	-2.3434395093481433	0.01910686029311155	0.4429478691393502	0.9300076997244482	detect_worthy_lesions	standard_model	V4
1	colo_IBDYes	0.1863046612391895	0.5803376002511632	-2.895507685336171	0.0037854576037138717	0.05973645687852072	0.5810426097087377	detect_worthy_lesions	standard_model	V4
1	antibiotics_reg_quest_combYes	0.9535215761951101	0.17873435869330112	-0.2662791090037323	0.7900242610710799	0.6717250784476859	1.3535349884073387	detect_worthy_lesions	standard_model	V4
>= 3 Non-advanced adenomas	grtest_level	2.0034844553351316	0.3702801504965342	1.8766544503601563	0.06056546934086229	0.9696230736645775	4.139701366221879	final_result_cat_neg	standard_model	V4
>= 3 Non-advanced adenomas	senterBærum	2.385768328751473	0.22533057714550675	3.858869195188778	1.1391288339787056e-4	1.5340041481180533	3.71047922227363	final_result_cat_neg	standard_model	V4
>= 3 Non-advanced adenomas	age_invitation	1.0871963952995565	0.018516574265702843	4.514996514362494	6.331780725175131e-6	1.0484474486410513	1.1273774412674642	final_result_cat_neg	standard_model	V4
>= 3 Non-advanced adenomas	kjonnMale	1.4543220509633494	0.21767231871866768	1.7206590616910011	0.0853127092154629	0.9492433765675193	2.2281457844523613	final_result_cat_neg	standard_model	V4
>= 3 Non-advanced adenomas	wcrf_index_main	0.6850827464003787	0.11188468390879415	-3.380405942415573	7.237884314619861e-4	0.5501822999425766	0.8530597394072315	final_result_cat_neg	standard_model	V4
>= 3 Non-advanced adenomas	SmokingSmoker	1.1752440247120486	0.2512913498367076	0.6425840234628789	0.5204940525718654	0.7181719968673378	1.9232141097761462	final_result_cat_neg	standard_model	V4
>= 3 Non-advanced adenomas	SmokingMissing	2.5005484353946505e-6	6.935955846005981e-8	-185972932.38853365	0	2.5005480954645253e-6	2.5005487753248215e-6	final_result_cat_neg	standard_model	V4
>= 3 Non-advanced adenomas	UtdanningHigh school	0.8459883856754633	0.29707807417517773	-0.5629821334021761	0.5734470501463633	0.4725971361771179	1.5143899399964855	final_result_cat_neg	standard_model	V4
>= 3 Non-advanced adenomas	UtdanningUniversity/college	0.8843335402371698	0.3098746430707902	-0.3966796970817719	0.6916036738283491	0.48178172524560536	1.6232367676248622	final_result_cat_neg	standard_model	V4
>= 3 Non-advanced adenomas	UtdanningMissing	0.8086184469066506	1.3069921636381765	-0.1625320446107268	0.8708868957988947	0.062406510291571765	10.477493287523735	final_result_cat_neg	standard_model	V4
>= 3 Non-advanced adenomas	colo_hemorrhoidsYes	0.5878549764047558	0.307046007503399	-1.73027815795779	0.08358059002315243	0.3220417393348809	1.0730704473201385	final_result_cat_neg	standard_model	V4
>= 3 Non-advanced adenomas	colo_IBDYes	1.280713803313507e-7	1.1794310374148484e-7	-134562153.8365514	0	1.280713507258313e-7	1.2807140993687692e-7	final_result_cat_neg	standard_model	V4
>= 3 Non-advanced adenomas	antibiotics_reg_quest_combYes	0.9246817744863635	0.27033485597520224	-0.28966160490332515	0.772075132410601	0.5443557956897259	1.570730744188874	final_result_cat_neg	standard_model	V4
Advanced serrated	grtest_level	1.7981916650370264	0.4620426596544928	1.2699726250957482	0.2040943814702269	0.7270169818949755	4.447617242420538	final_result_cat_neg	standard_model	V4
Advanced serrated	senterBærum	1.6356414784780762	0.28195321026408804	1.7450947571028965	0.08096837605870501	0.9412155804394509	2.8424126222696464	final_result_cat_neg	standard_model	V4
Advanced serrated	age_invitation	1.0815245415488726	0.023432073286740462	3.344631835773789	8.239186108281212e-4	1.0329777374685012	1.132352897400334	final_result_cat_neg	standard_model	V4
Advanced serrated	kjonnMale	1.0799396132578993	0.2697718708344665	0.28507466580901636	0.7755869388427026	0.6364572515686493	1.8324397520951574	final_result_cat_neg	standard_model	V4
Advanced serrated	wcrf_index_main	0.7249739423602112	0.1389328290462865	-2.314928505762656	0.020616845035833845	0.5521569698017004	0.951880073686409	final_result_cat_neg	standard_model	V4
Advanced serrated	SmokingSmoker	1.8935035280425694	0.2979380812723645	2.142823867530702	0.032127244049071295	1.0559923307178705	3.3952477744533516	final_result_cat_neg	standard_model	V4
Advanced serrated	SmokingMissing	2.287674088380606e-7	2.8013828934952912e-8	-545821853.4489013	0	2.287673962773357e-7	2.2876742139878617e-7	final_result_cat_neg	standard_model	V4
Advanced serrated	UtdanningHigh school	1.4457111389318307	0.41550384496059295	0.8871189584501096	0.37501485806419854	0.6403302414877573	3.264066823355761	final_result_cat_neg	standard_model	V4
Advanced serrated	UtdanningUniversity/college	2.2412793862097344	0.4231475060767897	1.9072471083682212	0.05648859582400632	0.9779399470369919	5.136648014296393	final_result_cat_neg	standard_model	V4
Advanced serrated	UtdanningMissing	3.3979482058741586	1.329878498344782	0.9197620550474038	0.357697116351672	0.2507391357822571	46.0480649491831	final_result_cat_neg	standard_model	V4
Advanced serrated	colo_hemorrhoidsYes	1.1643604490037744	0.3304261357620048	0.4605324730590047	0.6451340685001364	0.6092958333461884	2.2250853871077965	final_result_cat_neg	standard_model	V4
Advanced serrated	colo_IBDYes	0.8848305956201238	0.7875208258775339	-0.15537248750075747	0.8765276725450967	0.18902584533442204	4.141894890406771	final_result_cat_neg	standard_model	V4
Advanced serrated	antibiotics_reg_quest_combYes	1.1147886743467659	0.3242955893866098	0.33507966426785135	0.7375649925810315	0.5904071954659965	2.1049096250782298	final_result_cat_neg	standard_model	V4
Advanced adenoma	grtest_level	1.2210744378245104	0.3289310671100641	0.6072128110741996	0.5437096913791548	0.6408487002189595	2.3266377573973465	final_result_cat_neg	standard_model	V4
Advanced adenoma	senterBærum	2.095288332299788	0.1765807382997643	4.188968625961574	2.8022513465129675e-5	1.4823064476012164	2.9617581456089885	final_result_cat_neg	standard_model	V4
Advanced adenoma	age_invitation	1.0400640312186038	0.014291715392136197	2.748604954662162	0.0059849470560843325	1.0113347896880922	1.0696093915332552	final_result_cat_neg	standard_model	V4
Advanced adenoma	kjonnMale	1.6145350154477365	0.17042770970493842	2.8108515916616783	0.004941057106449545	1.1560567099511017	2.254840349672016	final_result_cat_neg	standard_model	V4
Advanced adenoma	wcrf_index_main	0.7852613872429663	0.08685893155521632	-2.78311780857153	0.005383925279561876	0.6623381738616911	0.9309978959834396	final_result_cat_neg	standard_model	V4
Advanced adenoma	SmokingSmoker	1.4625342394904823	0.19320710105645106	1.9676849835667931	0.04910429467275248	1.0014928650544692	2.135817913755848	final_result_cat_neg	standard_model	V4
Advanced adenoma	SmokingMissing	5.488340380101369e-8	5.101703868305029e-9	-3276955163.29395	0	5.488340325222601e-8	5.4883404349801366e-8	final_result_cat_neg	standard_model	V4
Advanced adenoma	UtdanningHigh school	1.0435252874852856	0.23859148511085	0.17856748138730072	0.8582773301303994	0.6537527629785648	1.6656832479910337	final_result_cat_neg	standard_model	V4
Advanced adenoma	UtdanningUniversity/college	1.008823141364825	0.25130036758967794	0.03495595723544189	0.9721148604260985	0.6164640785181602	1.6509058127110527	final_result_cat_neg	standard_model	V4
Advanced adenoma	UtdanningMissing	5.927539967731248e-9	1.4397890675138947e-8	-1315724433.7157257	0	5.927539800459945e-9	5.927540135002557e-9	final_result_cat_neg	standard_model	V4
Advanced adenoma	colo_hemorrhoidsYes	0.7110024873517188	0.22595724798631478	-1.5094862140500842	0.13117457569516547	0.45660005752586924	1.1071495254721686	final_result_cat_neg	standard_model	V4
Advanced adenoma	colo_IBDYes	0.08939629151276161	1.0436069080013137	-2.3137793177775614	0.02067983042267815	0.011561114234411632	0.6912566361854103	final_result_cat_neg	standard_model	V4
Advanced adenoma	antibiotics_reg_quest_combYes	0.9282183400158421	0.2137124725964534	-0.34854443812059804	0.7274313466517168	0.6105732292358124	1.4111154002282777	final_result_cat_neg	standard_model	V4
Cancer	grtest_level	2.0595977901364177	0.4954417636126836	1.4583161317753794	0.1447534257307135	0.7799407709304427	5.438801528575463	final_result_cat_neg	standard_model	V4
Cancer	senterBærum	1.9212327542446443	0.2924969784127055	2.232389008096941	0.025589263660597366	1.082944257492032	3.408425937389137	final_result_cat_neg	standard_model	V4
Cancer	age_invitation	1.0356236023630023	0.023728330576127776	1.475188468338183	0.14016188086251843	0.9885629918641181	1.084924536522346	final_result_cat_neg	standard_model	V4
Cancer	kjonnMale	1.1751949243711195	0.28552838710169753	0.5653869604975286	0.5718105917558585	0.6715335319579601	2.056610793865914	final_result_cat_neg	standard_model	V4
Cancer	wcrf_index_main	1.0141787323000542	0.14733330349840548	0.09555988970327642	0.9238701227375341	0.759808527952152	1.3537074976269772	final_result_cat_neg	standard_model	V4
Cancer	SmokingSmoker	0.6905219421332638	0.3793891724700236	-0.9760624612994949	0.32903351234282047	0.32827728598371575	1.4524932821308487	final_result_cat_neg	standard_model	V4
Cancer	SmokingMissing	1.1877162807080955e-4	8.365874729021416e-6	-1080378.1186391271	0	1.1876968061058056e-4	1.1877357556297094e-4	final_result_cat_neg	standard_model	V4
Cancer	UtdanningHigh school	1.193090341613191	0.42448145153169464	0.41591185204137765	0.6774745064735205	0.5192231688556883	2.7415274368203617	final_result_cat_neg	standard_model	V4
Cancer	UtdanningUniversity/college	0.8871251799429746	0.4469222686205422	-0.2679866001493573	0.7887096331439856	0.3694570698863512	2.1301286374921493	final_result_cat_neg	standard_model	V4
Cancer	UtdanningMissing	3.171315073805922e-8	1.898316405879366e-8	-909570940.799516	0	3.171314955812973e-8	3.171315191798876e-8	final_result_cat_neg	standard_model	V4
Cancer	colo_hemorrhoidsYes	0.06811962510111463	1.0198666109993473	-2.634158131794497	0.008434619533243301	0.009229118366333474	0.5027872804019404	final_result_cat_neg	standard_model	V4
Cancer	colo_IBDYes	0.3485370870379552	1.0486170590363526	-1.005143513843891	0.31482774980524	0.044633869394986384	2.7216574024959734	final_result_cat_neg	standard_model	V4
Cancer	antibiotics_reg_quest_combYes	0.924123838405753	0.3630164813305586	-0.21737082510145306	0.8279193658249063	0.45365947325989986	1.8824799636015226	final_result_cat_neg	standard_model	V4
