sgb	single_comp	diff	cdiff	max_g	V1	V2	V3	V4	rel_diff_V1	rel_diff_V2	rel_diff_V3	rel_diff_V4	species	alt_max_g
SGB1626	0.0052194664410299945	0.34242752591804215	0.16638841142319646	V4	7.830611564671066e-5	0.002564667310944057	0.001910894405583271	0.3365424608681562	-1.823830428156324	-0.3085950732484801	-0.43638942062950703	1.8094137564559614	Prevotella_copri_clade_A	V1
SGB1836	0.06276796624317242	0.08296028365874625	0.20669951016500837	V4	0.07339710249776561	0.05132000976302665	0.0752880698712457	0.014404878947238409	0.0679408583622342	-0.08745132689815886	0.07898810623695021	-0.639228444223417	Bacteroides_uniformis	V4
SGB4285	0.044806638243912615	0.07064453918409523	0.2410262852075577	V2	0.037822746592425883	0.07434395645115496	0.0301650187033224	0.02532492845913668	-0.07358929783009305	0.21990330888931053	-0.17183876192410816	-0.24779413366628741	Ruminococcus_bromii	V4
SGB1814	0.05415739756737762	0.06033306497494725	0.2703426283098253	V1	0.07264415921522996	0.04228778904883077	0.0418633095525662	0.03647479077364098	0.12754291463134096	-0.1074428076379581	-0.11182422795339679	-0.17166497759140872	Phocaeicola_vulgatus	V4
SGB4837	0.03590583109823714	0.053163888247567265	0.2961754082152301	V2	0.04692430112139992	0.016886597217620165	0.04363972736574388	0.02051354302195637	0.11623282944591228	-0.32762283899663847	0.08471704509503081	-0.24312430706870783	Blautia_wexlerae	V2
SGB4933	0.04057465252088439	0.05241395828469558	0.3216437908518512	V1	0.058970629533771676	0.029759049015174982	0.025942780160828186	0.0320041471148417	0.16238095482049678	-0.13463576052669848	-0.19423829378295848	-0.10304855115764931	Eubacterium_rectale	V3
SGB9226	0.016606855668893725	0.037539798468955735	0.3398846942828781	V2	0.00805257330264285	0.028639463606845265	0.024280062923331347	0.007327154758578026	-0.3143527243079969	0.2366774685362019	0.16496239670246202	-0.3553520467311565	Akkermansia_muciniphila	V4
SGB714	0.008563426524020123	0.030710471601122453	0.35480717041872173	V2	0.0013104970992099288	0.026207063397080087	0.004191625600259623	0.0071213221445283244	-0.8152115117701317	0.4857707835533436	-0.3102650916041994	-0.08008694351373055	Methanobrevibacter_smithii	V1
SGB15368	0.008425357060629699	0.02995904046391232	0.36936451985255997	V2	0.004169459115748437	0.02142114545562005	0.0016826379495267392	0.0024607220476919518	-0.3055085953696855	0.4052543751763994	-0.6995976354343085	-0.5345257545399175	GGB9758_SGB15368	V3
SGB4874	0.014576569959499552	0.028181941746652853	0.3830583620910748	V4	0.020893452810301402	0.00953192995819412	0.007554936820066437	0.0047777842043870995	0.15635487521000976	-0.18447449890405704	-0.28542450453975293	-0.4844288110291432	Fusicatenibacter_saccharivorans	V4
SGB4608	0.007971682857390933	0.027281025696673365	0.3963144416527142	V3	0.0044400301874376194	0.005372650834156568	0.023670500477393445	0.00252015947390776	-0.25416408969339316	-0.17136139564573766	0.4726574279804071	-0.5001219890556657	Ruminococcus_torques	V4
SGB15286	0.013060219798762816	0.027163373608586443	0.4095133530764098	V4	0.00988469086379124	0.022430859031121145	0.008009578560921868	0.0034936555953472264	-0.12098739438760481	0.23489541999052138	-0.21234082055682557	-0.5726703960226658	Candidatus_Cibionibacter_quicibialis	V4
SGB4925	0.020552964901123405	0.026181306929284446	0.42223507005073213	V3	0.027709388763331406	0.016619718040333506	0.009783952633809316	0.01623034096215095	0.12975246527740794	-0.09225082903876944	-0.322360139061188	-0.10254683713205881	Roseburia_faecis	V3
SGB2303	0.01430291275200275	0.026112841942433428	0.43492351931280004	V4	0.012681612121386219	0.011856769213517611	0.024974182212707634	0.002928784439375872	-0.05225002368129088	-0.08145812283516549	0.2420667865796432	-0.6887370809704222	Alistipes_onderdonkii	V4
SGB4540_group	0.016188864350824426	0.02565422961997264	0.4473891249947884	V4	0.01927450475542537	0.01013187746603006	0.020329698637731264	0.0038180963071539334	0.07576684392629893	-0.20352645522105733	0.09891455676024817	-0.6273695052727329	Anaerostipes_hadrus	V4
SGB17244_group	0.01409671047927596	0.02458534837877468	0.4593353523024881	V2	0.009161923134379064	0.025135279028596	0.009711742113178053	0.00986968636081612	-0.18713113635482248	0.2511659305084902	-0.16182063864362373	-0.15481442835152678	Bifidobacterium_adolescentis	V2
SGB1815	0.022622893781812467	0.023881744199245644	0.4709396924286925	V4	0.02358730592713697	0.01804225703321299	0.030047935892904058	0.011711240587582394	0.018130183447928532	-0.09825729086411049	0.12326648759323801	-0.28594525351691	Phocaeicola_dorei	V4
SGB4262	0.01704535685688894	0.021846002065799643	0.48155484835090145	V4	0.020309271886386097	0.01833153202997569	0.009993915710858049	0.006800886139704094	0.07608825573655119	0.03159266405180458	-0.2318704156670531	-0.399040593971796	Ruminococcus_bicirculans	V4
SGB1861	0.006085246356802857	0.020638509174349527	0.4915832733335502	V3	0.006163117715959982	5.745828011307961e-4	0.016519094735048298	0.0014691204755279586	0.0055222978431392344	-1.0249255428175834	0.4337080787905391	-0.6172207533610772	Bacteroides_thetaiotaomicron	V2
SGB2318	0.03585414914171803	0.019974128534089274	0.5012888701819335	V2	0.03213497538036799	0.041706368960944595	0.030469670126644727	0.03083589320327866	-0.047561449155999753	0.06566296027856112	-0.07067166822369143	-0.0654828878051183	Alistipes_putredinis	V3
SGB1871	0.007018552610268602	0.019440537080870977	0.5107351904607362	V4	0.009973220730973618	0.0012230889177575965	0.011211675864833664	5.212705971787076e-4	0.1525878714292891	-0.7587895285754984	0.2034229739167983	-1.1291843309052059	Bacteroides_ovatus	V4
SGB1855	0.005681018010138508	0.018722959705373927	0.5198328338647403	V3	0.004325740961199105	0.002333856915770852	0.016035102474344958	0.002014580912278089	-0.1183656571136055	-0.38635193931786505	0.4506455735937923	-0.4502414513059023	Bacteroides_fragilis	V4
SGB5121	0.004100209858273021	0.01850944511620292	0.528826728736226	V4	0.0022901991369860502	0.0057734948877552605	8.733283820275624e-4	0.015899477747461276	-0.25293283881194123	0.14863270010672908	-0.6716285111007014	0.5885767737286536	Coprococcus_eutactus	V3
SGB14535_group	0.007947596818522291	0.017151835486545725	0.5371609496839936	V3	0.004293407206809357	0.008793165355314273	0.016061591001580888	0.0034095136635400804	-0.2674337462917577	0.043909412891228905	0.30555273542919864	-0.36754339203514685	Collinsella_aerofaciens	V4
SGB1934	0.007235977787927772	0.016249993529325574	0.5450569580487792	V3	0.007324095858764768	0.0029895562647539653	0.01432513556709595	0.002409681631781178	0.005256794723641246	-0.3838904936037605	0.2966015155917603	-0.4775375578654565	Parabacteroides_distasonis	V4
SGB4951	0.005373027324691985	0.015650876134184595	0.55266185023835	V2	0.009996750891889042	1.4473052130046154e-4	0.00287356591178319	0.0020736329740047646	0.2696398209071198	-1.5696589228094964	-0.27179788607426847	-0.41348715898560917	Roseburia_intestinalis	V2
SGB1877	0.009399246895110545	0.015616686675975853	0.560250129482967	V3	0.0075513095531633085	0.007491189245467455	0.01682143890872131	0.004960747224335783	-0.09507078379896078	-0.09854228906633669	0.25277008507445775	-0.27754595954410843	Bacteroides_caccae	V4
SGB15316	0.01217499031600203	0.015237008919878423	0.5676539201163943	V4	0.015170087451706735	0.008588743559697356	0.010415421465538798	0.00527889413859622	0.0955194599428919	-0.1515389885569112	-0.06779177585332524	-0.3629256715752184	Faecalibacterium_prausnitzii	V4
SGB17248	0.010988817792330621	0.015180022440223035	0.5750300205406391	V4	0.009334744132006223	0.013318059955979733	0.012669064199372646	0.0014723575831231206	-0.07084855401196544	0.08348999336703498	0.061793564574538905	-0.8729376748792732	Bifidobacterium_longum	V4
SGB1844	0.009446262176009896	0.014960774077503012	0.5822995863436314	V4	0.010538918831199161	0.007517732684928273	0.011986980495044723	4.739256381259864e-5	0.04753606464733721	-0.09917311598543459	0.1034498036326967	-2.29954979150161	Bacteroides_cellulosilyticus	V4
SGB15318	0.011702552755500736	0.014475278429119741	0.5893332457326437	V3	0.014486561354108916	0.008985351913390909	0.005077114779515973	0.014051183767917707	0.09268470247963687	-0.11474551659583845	-0.3626636259059375	0.07943230610481479	Faecalibacterium_prausnitzii	V3
SGB5763_group	0.0019005810480162593	0.013980389090931895	0.5961264342348879	V4	0.001253871209403475	5.475408769536356e-4	7.216350636376642e-4	0.012702274144894152	-0.18063346380559675	-0.5404698470985743	-0.42056876725690817	0.8249950872934202	Phascolarctobacterium_succinatutens	V4
SGB5117	0.006924544441634129	0.013579661622224634	0.6027249058937558	V3	0.005698517047649746	0.011429174031779146	8.84600828341408e-4	0.008733605466436643	-0.08462935506212255	0.21762363885092179	-0.893643865199546	0.1008023622192123	Coprococcus_eutactus	V3
SGB1965	0.016927871633490393	0.013543489890546337	0.609305801404339	V4	0.014082707213300271	0.02070693211338853	0.015781406671278152	0.011155071605244553	-0.07991620687534584	0.08751340263969147	-0.030456645733288337	-0.18112999465165142	Barnesiella_intestinihominis	V4
SGB5111	0.004084416958660742	0.013399773405442138	0.6158168638675124	V4	0.003383961489144331	0.005176275869586261	2.9763012486841804e-5	0.01163722203748705	-0.08170465878421149	0.10288734326702775	-2.1374531841738302	0.45471924997922175	Clostridium_sp_1001270H_150608_G6	V3
SGB14874	0.00289779156078902	0.013347988099260204	0.622302763415387	V3	0.0019508128590767719	3.0166660424135073e-5	0.010528228424255534	9.948439270724635e-4	-0.17185153365061895	-1.9825399086821571	0.5602881556853422	-0.46431219011694863	GGB9480_SGB14874	V2
SGB6754	0.0069110432931786935	0.012844777617098362	0.6285441487627342	V4	0.01006458161827915	0.0029738861522213963	0.005138988330937956	0.002929016104378823	0.16325211255586156	-0.3662192749208675	-0.12866598201207471	-0.37282185401381535	Faecalibacillus_intestinalis	V4
SGB4584	0.002280340397775972	0.01225143971643312	0.6344972262397833	V3	4.6991417962079885e-4	0.0013098379266021378	0.009517962560390657	4.7451533286543326e-5	-0.6859811311212954	-0.2407821197885983	0.6205443109952599	-1.6817494309296825	Ruminococcus_gnavus	V4
SGB14306	0.00429341290205441	0.011931186534432842	0.6402946900053956	V2	5.600346837217975e-4	0.010646827370767387	0.003726347988414882	0.003016083968306686	-0.8845877327505958	0.3944175553623692	-0.06151924760560379	-0.1533592288464592	GGB9342_SGB14306	V1
SGB15342	0.011397330976892666	0.011836995975820355	0.6460463857873256	V4	0.013745896938378735	0.008206180558596744	0.010097179926174947	0.006400202431572021	0.08136992309845817	-0.1426620918963644	-0.05260306509163533	-0.2506094498362711	Faecalibacterium_prausnitzii	V4
SGB5792	0.006066252104589412	0.011496090593971378	0.6516324327804224	V3	0.005638546944688366	0.003019519896189452	0.01151343807213985	0.0034917848464694782	-0.03175325441727033	-0.3029825593924133	0.27828457435173637	-0.2398729790878851	Phascolarctobacterium_faecium	V2
SGB6308	0.0027633572043705475	0.011214900906910465	0.6570818473424282	V2	2.55164067697297e-4	0.008202562569598707	2.491477310167364e-4	0.0035166501360257914	-1.0346175106265743	0.4725125244284362	-1.0449800910503255	0.10469213597572004	GGB4567_SGB6308	V3
SGB4198	0.005291733694165094	0.010835145001081443	0.6623467353196332	V2	0.003358088268921985	0.009854487749893257	0.0025471145433209686	0.003697607324899049	-0.19750587266421776	0.2700360737153439	-0.31754950469602833	-0.15567719178393913	Eubacterium_siraeum	V3
SGB15234	0.00313071852063675	0.010747432597982944	0.6675690031033401	V2	6.337256274325175e-4	0.008147900697648479	0.0015659089467891013	0.0014622705667174157	-0.6937427523929436	0.4154017049602171	-0.3008775169954828	-0.3306162840510703	GGB9708_SGB15234	V1
SGB4532	0.009048273444584497	0.01052114536267226	0.6726813160184723	V4	0.008485189672505248	0.00811327734576282	0.011856089256500515	0.0028330237647291806	-0.027904162068080173	-0.04736939453754043	0.1173757433863578	-0.5043154991703982	Anaerobutyricum_hallii	V4
SGB4269	0.0034925502817223183	0.010433725741484044	0.6777511510052961	V2	0.006214781634506894	5.551713783437769e-4	0.0012146850236149731	9.96300054508736e-4	0.25028320636666757	-0.7987155991720688	-0.458678990389996	-0.5447525132249091	Clostridiaceae_bacterium	V2
SGB4914	0.004760585948189212	0.010348840785834562	0.6827797396790897	V3	0.007393679797137436	0.00244162533141998	0.0016652343428454018	0.002459151233415918	0.1912002280045776	-0.2899813883437232	-0.4561850514190282	-0.2868751724721147	Clostridium_sp_AF34_10BH	V3
SGB15106	0.003672724079902372	0.010178582559971195	0.6877255984506734	V2	0.0012919421214921008	0.007680487261191146	0.001564442011194074	0.0053544794314662235	-0.45374524453559945	0.32040047076847106	-0.37062883251684453	0.1637289522150309	GGB9635_SGB15106	V1
SGB1699	0.00318823098913649	0.010138797318486818	0.6926521252392019	V4	0.0029570126556592653	0.001866130405142769	0.00238022243472863	0.010965700835744503	-0.03269659548618737	-0.23260778978686217	-0.12693223443538598	0.5364866146214848	GGB1266_SGB1699	V4
SGB2301	0.005975444715591265	0.009972823349434471	0.6974980038818952	V3	0.004897245144449177	0.00471230702204752	0.010520893496114235	0.0028894074113655966	-0.08641838837802417	-0.10313665429828082	0.24568239153436505	-0.3155614502662958	Alistipes_finegoldii	V4
SGB6310	0.0026504918712717245	0.009926915153039489	0.7023215753463061	V2	8.882998200308664e-4	0.005921941788645543	2.7009591448123106e-4	0.005163369098906044	-0.4747669025163229	0.3491376574198545	-0.9918084616157578	0.2896066946791435	GGB4569_SGB6310	V3
SGB1830	0.005478240305204144	0.009863042871962782	0.7071141107327796	V4	0.007408220836488815	0.0026894514247336673	0.006139144853600611	0.00099487139339297535	0.1310728411973348	-0.30897737411610493	0.04946680187619382	-0.740874135528224	Bacteroides_stercoris	V4
SGB1949	0.0059675554688324575	0.009771700175570913	0.7118622619357473	V3	0.006184415725002316	0.0018269428334098043	0.010812130239470455	0.005397902955492055	0.015502211274752153	-0.5140715063715925	0.2581148039367396	-0.043571392030853855	Parabacteroides_merdae	V2
SGB4826	0.00575206909803172	0.009711387589078626	0.7165811067462795	V3	0.006093995166623039	0.0029823394800747235	0.00909315148724419	0.002493419584713879	0.02507801096458402	-0.2852670167410713	0.19889033180417015	-0.3630287281199362	Blautia_massiliensis	V4
SGB5082	0.006296781463217312	0.009521968049493838	0.7212079110112992	V3	0.008676657948630463	0.0032485708358924014	0.0028975818562180238	0.0069914627929738	0.13923385613213243	-0.28742627978858837	-0.33708290733437507	0.045449429882705804	Lachnospira_eligens	V3
SGB1867	0.003796747887519753	0.00949016366630957	0.7258192612593553	V4	0.004697110811596798	0.0013948462569331995	0.006235289009032938	4.73898973869668e-5	0.09241904595486691	-0.4348854186397435	0.21544482808583365	-1.9037259916549922	Bacteroides_xylanisolvens	V4
SGB15271	0.0020022021006363827	0.00934108519167793	0.7303581730242465	V3	7.523801852001885e-5	0.0022890135729720443	0.007174702821291065	4.739318406516176e-5	-1.425070563301434	0.05814045519740727	0.554296004464323	-1.6257920253507334	Ruthenibacterium_lactatiformans	V4
SGB15254	0.006007952013023915	0.00933657116597912	0.7348948913861305	V4	0.004729746058901496	0.006788385908826242	0.003698699989858691	0.010976631305913065	-0.10388863119595947	0.05304006809641698	-0.21067734908366045	0.2617426217390327	Oscillibacter_sp_ER4	V4
SGB6796	0.004719276741834975	0.009218901180480193	0.739374432913568	V4	0.0036675919181438873	0.0047349046490609125	0.003246808389402809	0.011398396838965976	-0.10949443838217117	0.0014357922221177994	-0.1624187859686727	0.382968327572129	Holdemanella_porci	V4
SGB4940	0.0048147915933508725	0.008794027937762898	0.7436475249632001	V2	0.006841329459462515	3.392976788357813e-4	0.004697927453334035	0.006989923610470199	0.15256301177103307	-1.1519966049656327	-0.010671187574947802	0.16189493599957228	Roseburia_inulinivorans	V2
SGB4367	0.0034518698042845944	0.008672199910736504	0.7478614197510777	V2	0.0010493545788904882	0.006882809224379945	0.002328685052153112	0.005167430317400159	-0.5171321449564037	0.2997113252046338	-0.1709436514260658	0.175220222021264	GGB3304_SGB4367	V1
SGB4862	0.0011083113540187196	0.008644786994540025	0.7520619943726917	V3	8.199189855457367e-6	1.28481898211411e-5	0.006496601521565618	4.7389855386434945e-5	-2.1308908395694828	-1.9358198380415577	0.7680244471458546	-1.3689763989368662	Blautia_caecimuris	V1
SGB4820	0.0043749024148802855	0.008566640948900996	0.7562245971742599	V4	0.005034639697959508	0.0020786492292597853	0.006603578841050972	9.929283608496983e-4	0.06100002564731981	-0.3231871616422287	0.178810997072353	-0.6440504546831639	Blautia_faecis	V4
SGB14114	0.0017359134062451447	0.008521186209578036	0.7603651131361464	V2	2.0001742779813994e-4	0.005327362421636705	3.0196867356424764e-5	4.778872939439361e-5	-0.9384602191742875	0.48698418576659475	-1.7595661658835717	-1.5602025735094525	GGB9176_SGB14114	V3
SGB8007_group	0.0038792641452107235	0.008486854477320123	0.7644889470209233	V4	0.0034541433906768618	0.0016812442186366118	0.006201487413036536	0.007420754673597061	-0.050408990078358244	-0.36311854847995034	0.20374651416000228	0.28169872186716527	Streptococcus_salivarius	V2
SGB6571	0.0021084647247411356	0.008137348771272628	0.7684429531470915	V2	7.336478935175924e-4	0.00549239873536647	7.906267775710253e-4	4.770474248749572e-5	-0.45847866461917297	0.41579571894561523	-0.425994820248374	-1.6454047836836414	GGB4745_SGB6571	V4
SGB4557	0.00516659273679012	0.008128718541051714	0.7723927657718966	V2	0.0072565360946430435	0.002532037575184865	0.002959562662776894	0.003969402789209811	0.14752513073893211	-0.3097340828028959	-0.24197668936687247	-0.11447905855669537	Ruminococcus_lactaris	V2
SGB5075	0.0035523744526989916	0.008018115968560204	0.7762888356776058	V2	0.0059457487252715276	5.410214046309964e-4	0.0011037653321198614	0.0037171539800395343	0.22368781330954587	-0.8173042905222527	-0.5076419888225082	0.019691813636480055	Lachnospira_pectinoschiza	V2
SGB4644	0.0028586374356218396	0.008005065551641665	0.7801785642761034	V3	0.004806642554444375	0.001473088138498425	5.0469004279786006e-5	9.95294731268177e-4	0.22568275029179558	-0.28793034423568026	-1.753134340292141	-0.45820737168933695	Clostridium_sp_AF36_4	V3
SGB1812	0.005126014616462476	0.007701847746055536	0.7839209567956703	V4	0.006366515001845043	0.003124845769153454	0.003138874404499797	0.0075990529178637444	0.09412192656258454	-0.21495125317215213	-0.21300590154799492	0.1709796286270848	Phocaeicola_massiliensis	V2
SGB15300	0.007450549246789846	0.0072694871025153355	0.7874532616464739	V4	0.007263479688542814	0.006446700258414757	0.009049757262402104	0.00297118870650889	-0.011043563253762392	-0.06285081166220984	0.08444864080570348	-0.39925805402366665	Gemmiger_formicilis	V4
SGB6317	0.003784568113834454	0.0072372262750116465	0.7909698906901846	V3	0.0031854408753162165	0.006208718872400816	0.0012874552750360255	0.0020677326747058347	-0.0748467773895492	0.21498566967896424	-0.4682841749806428	-0.26252193537207463	GGB4571_SGB6317	V3
SGB4811	0.007173706982282554	0.007193707587197363	0.7944653736379055	V4	0.006661731704498857	0.006544183949808786	0.008988971886822461	0.0029367626098825627	-0.03215649560911492	-0.03988813510586172	0.09796638868493644	-0.3878747912768095	Blautia_obeum	V4
SGB8601	0.0027378318438119197	0.007093849530332564	0.7979123347169331	V3	0.0046273291570570856	0.0012320974815220108	2.467758956542402e-4	0.0015302699371721102	0.22792362290656762	-0.34676170062766803	-1.0451040336575286	-0.25263872405103704	Candidatus_Gastranaerophilales_bacterium	V3
SGB4348	0.008028639795873383	0.0070902659309186765	0.8013575544949014	V4	0.00739677536978391	0.00950222014181232	0.0060184495504882205	0.00505400888236828	-0.03559954381662662	0.07318311390343092	-0.1251573493587084	-0.20100597292120284	GGB51647_SGB4348	V4
SGB6340	0.003250415478595012	0.006970049842811138	0.8047443602657769	V3	0.0027434007728856106	0.005555756288798771	2.1892318178835492e-4	0.0021242134485036914	-0.07364962079662679	0.23280430908521746	-1.1716471259785026	-0.1847407233967144	Staphylococcus_SGB6340	V3
SGB15346	0.004898164112483878	0.006871875748058947	0.8080834624192959	V3	0.006411226241013738	0.0038746500308971623	0.0011299207662820309	0.004331107920743355	0.11690777062608228	-0.10180085008885546	-0.6369853416143313	-0.053434326590637723	Faecalibacterium_SGB15346	V3
SGB14311	0.0016999101904099489	0.006798126095320827	0.8113867289970118	V2	8.246346188928063e-6	0.00478597678652838	0.0013320298082228764	4.7394917615646486e-5	-2.314164414439281	0.44954461046467964	-0.10591203375048011	-1.5546942046644405	GGB9345_SGB14311	V1
SGB5825_group	0.014206146544321605	0.006777667139425618	0.8146800543961917	V4	0.013554696589695473	0.014322859740624893	0.014521206003787339	0.008511702015291141	-0.02038648963453738	0.0035534486828602565	0.009526396197041324	-0.22245987927240526	Dialister_invisus	V4
SGB6362	0.003027336470962713	0.0067404018232862005	0.8179552722652104	V3	0.002185268072731676	0.00586783143975703	2.2436268171273667e-5	0.002974398217493306	-0.1415559723118027	0.287416936776912	-2.1301100706546388	-0.0076615807998167374	GGB4599_SGB6362	V3
SGB8071	0.0019694610709889517	0.006635748065585343	0.8211796379942129	V3	0.0015177763834897	3.5161821112312717e-4	0.004443223311671268	0.0040619193485269016	-0.11313960987669901	-0.7482760407200749	0.35335074014413187	0.31438389519336474	Streptococcus_parasanguinis	V2
SGB1829	0.00482990851249217	0.006530362294340937	0.8243527958916694	V4	0.005213844923526847	0.004295389911861805	0.005659392250010892	4.74849673349974e-5	0.033219205234348306	-0.05093631165889797	0.06883089126079353	-2.0073827608910815	Bacteroides_eggerthii	V4
SGB4290	0.009095436516293258	0.006446391006943263	0.8274851514351744	V3	0.008791791843725912	0.010837340766261151	0.005792700711582324	0.010193542795990348	-0.014746149855832277	0.07609918246722663	-0.1959424563330414	0.04950160362847375	Ruminococcus_sp_BSD2780120874_150323_B10	V3
SGB4303	0.007470461957711834	0.006338028521835362	0.830564852736861	V3	0.006307240281078136	0.009079845501779676	0.004925791140323629	0.00849121444145745	-0.07350808228420225	0.08473100033456456	-0.18087146523961306	0.05562235040712049	GGB3256_SGB4303	V3
SGB2295	0.0026763628083806535	0.00631189648210547	0.8336318562609192	V4	0.001558376993281863	0.0037840655165111508	0.004133598178408568	4.739021953238562e-5	-0.23487245816876914	0.1504136609276639	0.18878327100290831	-1.7518562656025911	Alistipes_shahii	V4
SGB4871	0.0032661971721268663	0.006241556724187441	0.8366646811057125	V2	0.00513891772871378	6.764158333719195e-4	0.001818139289055616	0.002935200226352537	0.1968292664616307	-0.6838286335592129	-0.25441524666375326	-0.04640466622085305	Faecalicatena_fissicatena	V2
SGB5090	0.0026296425551197225	0.006218969838888543	0.8396865307931967	V3	0.004052478563043656	0.0014940674666923586	6.041143564890203e-4	9.946120112131784e-4	0.18782400692471227	-0.24552651016139965	-0.6387775626013814	-0.4222430196646717	Clostridiales_bacterium_KLE1615	V3
SGB10068	0.004312862605590488	0.006085683030182101	0.8426436153006479	V3	0.0023896484274358028	0.004885455814068433	0.007048962873730174	0.005166637981000274	-0.2564316122098689	0.05413946662008092	0.21335960009013535	0.078442409120196	Escherichia_coli	V1
SGB15233	0.0012547881560461807	0.005881191370539464	0.8455013355928364	V2	1.1147552769438692e-5	0.003955687281358829	3.228575520120402e-5	5.406389149410837e-4	-2.0513908738797806	0.4986515401996243	-1.589559461224971	-0.3656631079311365	GGB9708_SGB15233	V1
SGB6478	0.0023315449016740944	0.005805336240298161	0.8483221972400158	V2	7.573894287361014e-4	0.005222729020157217	0.0013624469162109975	0.0019606462382601455	-0.48832454449857776	0.3502537095132083	-0.23332419340536364	-0.07524454319515173	GGB4684_SGB6478	V1
SGB15322	0.002349416259752732	0.005742423510549385	0.8511124890633086	V3	0.0019138735490167819	0.004248316130642811	2.683885108131728e-4	0.0010224630797689357	-0.08904672983179733	0.2572568564262093	-0.9421960494778114	-0.3613123351003589	Faecalibacterium_prausnitzii	V3
SGB4581	0.011072018206304289	0.005705078530586558	0.8538846346471193	V2	0.011361794518249145	0.00892718551035357	0.009239149023331242	0.012509618546022226	0.011220139408620827	-0.093512231572371	-0.07859481910561504	0.05301727577026651	Dorea_longicatena	V2
SGB4910	0.0038331695054042714	0.005701886839102643	0.8566552293612258	V3	0.004119984963453827	0.003863513795787463	8.92873253521935e-4	0.006277600344191831	0.0313376065275538	0.0034244428761224664	-0.6327682108364023	0.21423563893183906	Waltera_intestinalis	V3
SGB15078	8.890327458200836e-4	0.005682556175226829	0.8594164311433669	V3	7.46820288915972e-5	2.9138298393216146e-4	0.004317945558116115	4.73898617056949e-5	-1.075701649726965	-0.4844535712533615	0.6863594046534998	-1.2732323163390666	Dysosmobacter_welbionis	V4
SGB15326	0.0021402383073260427	0.005462749008156909	0.8620708267765276	V3	0.003481126683226755	0.0012742495205692633	2.9360438681925726e-5	9.952443304707419e-4	0.21125769510891165	-0.2252076542068765	-1.8626995928673282	-0.33253242081394574	Faecalibacterium_prausnitzii	V3
SGB6806	0.0027812087880118097	0.00542129974110366	0.8647050818626305	V3	0.0018620398523023164	0.004244619754796348	0.0012425760424260037	0.0042812958810356325	-0.1742446212602433	0.18360519798664668	-0.3499106170785861	0.18734165004047382	Holdemanella_biformis	V3
SGB17256	0.0024686315868065684	0.005215724642315571	0.8672394462812882	V2	9.502426160146642e-4	0.004037968052161931	0.0036190373968929303	0.0014910381907246263	-0.4146217780607312	0.21370659693751376	0.16613678925526928	-0.21896751420415214	Bifidobacterium_bifidum	V1
SGB15180	0.0017530289028239597	0.005193066925169957	0.8697628011248477	V2	4.085667111235676e-4	0.004300491889588638	6.882467854407364e-4	0.0015166692735022966	-0.6325260978891871	0.3897290564318741	-0.4060448848906655	-0.06289818812461397	GGB9677_SGB15180	V1
SGB6276	0.003047331947917908	0.005106613328946976	0.8722441474397447	V2	0.002216287968345791	0.004852185311958283	0.0016328914697688439	0.001991056440732489	-0.13829357599913053	0.20201761405476848	-0.270962444502749	-0.18483619358608416	Eubacterium_SGB6276	V3
SGB4577	0.002097935845766909	0.00509996512433213	0.8747222633361706	V3	0.001736950703927095	0.001556244316835471	0.004244681044829481	4.739259126860382e-5	-0.08200471047729671	-0.1297144250027172	0.30605285844330665	-1.6460817483485104	Coprococcus_comes	V4
SGB9346	0.003972760378167876	0.004934927926982477	0.8771201862720012	V3	0.0037794918492825113	0.005401201620571432	0.0015740407390419785	0.003058261861600218	-0.021658957755533816	0.13339801844140714	-0.4020764023491067	-0.11361770201078994	GGB6612_SGB9346	V3
SGB15089	0.0027379267107199364	0.004894642464331817	0.8794985341631097	V3	0.0018344309125343224	0.0028057879560279934	0.0049360190732812385	0.0010127336524430922	-0.1739204584787722	0.01063302797521809	0.25595501050036734	-0.4319265771599756	Vescimonas_coprocola	V4
SGB15091	0.0026943239023615707	0.0048641823180196634	0.8818620812132433	V2	0.0013622825102683107	0.0040277809249337675	0.003735245802165266	0.001536561898811059	-0.29618262297063125	0.17461603689336685	0.14186938242614805	-0.24389974386576815	Clostridiaceae_bacterium_Marseille_Q4149	V1
SGB14861	0.0033237920682635926	0.004746685613745879	0.8841685356277331	V2	0.001928946047550494	0.005273316653699211	0.0032715251577989973	0.0019737439711310254	-0.23631376647688213	0.2004500036471408	-0.006883582771255433	-0.2263430306616663	Collinsella_SGB14861	V1
SGB4537	0.0020240123933676817	0.004676061741404003	0.8864406733093727	V4	0.0016925794926902307	0.001571602556322119	0.003939661089350824	4.744208566983548e-5	-0.0776640927792513	-0.10987044088305621	0.28924569567197256	-1.63004939401301	Anaerobutyricum_soehngenii	V4
SGB4181	0.0025879605053665275	0.0043227589414029915	0.8885411381925539	V4	0.002056544702347785	0.002502685033095277	0.00424052097717237	5.344533110593719e-4	-0.09981949027252485	-0.01455144792430931	0.21446157161712634	-0.6850478723502857	GGB3167_SGB4181	V4
SGB15090	0.0023031531138875817	0.004202975619282715	0.890583399353271	V2	9.826997011145539e-4	0.004285308003473226	0.002234105994768185	0.0014718329160829354	-0.36990198690922216	0.26965923111710205	-0.013219036966439165	-0.19446429960792577	Clostridiaceae_unclassified_SGB15090	V1
SGB4547	0.002203254944923534	0.0041583266550846015	0.8926039652072084	V4	0.001964062163977534	0.0032901688028127794	0.0010524818390013836	5.218080345963277e-4	-0.04990952411298305	0.17415342657908536	-0.32085014286767494	-0.6255539916010853	Anaerostipes_hadrus	V4
SGB15031	0.001541745836054888	0.0040466628762879315	0.8945702726929913	V2	5.41390669832604e-4	0.003486852410003678	4.7646163253136324e-4	0.0015058289034615554	-0.4545020171622119	0.3544207809761093	-0.5099848496994382	-0.010237155257296538	GGB9602_SGB15031	V3
SGB9333	0.002245775087743345	0.0039375336467569405	0.8964835533693996	V3	0.002904344443470407	0.0023338406130587125	2.6423101570843875e-4	0.0010364203940637408	0.11168186072590296	0.016704933162969175	-0.9293824657168316	-0.3358303097343065	GGB6601_SGB9333	V3
SGB4328	0.0026942109296566354	0.003896641661663991	0.898376964286736	V3	0.002929335884059407	0.0032314164361386564	7.548563932021068e-4	0.0015092542653319656	0.03633757807778965	0.07896133601077554	-0.5525672559876391	-0.251669181719044	GGB3278_SGB4328	V3
SGB15267	0.0014984749427162532	0.003876118058620966	0.9002604026129443	V2	3.614035729538778e-4	0.00323671560628393	9.225034902039921e-4	0.0019233095154949059	-0.6176570433087775	0.3344550567024469	-0.2106814671861814	0.10839969513068887	GGB80011_SGB15267	V1
SGB15265	0.0032258175354228065	0.003841217475556867	0.9021268824526575	V2	0.0022473006592387632	0.004769024943454516	0.002124427486009638	0.003443920677350752	-0.15697861920113532	0.16978979554158055	-0.1813978866712228	0.0284133415494917	GGB80011_SGB15265	V3
SGB9347	0.0025700947203438074	0.003832862868742716	0.9039893027187366	V2	0.003558001218662183	0.0012782425664173913	0.001671482320664281	0.0019156029035254092	0.1412569630341234	-0.3033358536864343	-0.18684734206269527	-0.12764364282371252	GGB16040_SGB9347	V2
SGB4988	6.485665919795837e-4	0.0037306621994098446	0.9058020628210448	V3	8.439512340028665e-6	4.2795532568346364e-4	0.002917313709343829	4.738985586965969e-5	-1.8856372216347872	-0.18055613884906174	0.6530285587301852	-1.1362691863175736	Eisenbergiella_tayi	V1
SGB14322	0.002315087913478451	0.0036701833485810295	0.9075854357416798	V4	0.0019950532162796384	0.0032130088664072253	0.0016570037722981436	5.209443562053155e-4	-0.06461300302929808	0.1423444363758827	-0.1452439905020047	-0.647776150285069	GGB34797_SGB14322	V4
SGB15323	0.001994379998648796	0.0036606430767739074	0.9093641729641001	V3	0.0026323857631582602	0.0020446394725379432	2.3030858106412243e-5	9.933513008158839e-4	0.12054162328091143	0.010808830718167926	-1.9374977904028654	-0.30270504520603536	Faecalibacterium_prausnitzii	V3
SGB15132	4.865789174850441e-4	0.0036264342694360147	0.9111262878396622	V3	9.033924263341109e-6	1.286174327526833e-5	0.0027225620652333265	4.7389963228790617e-05	-1.7312768425734888	-1.5778534512010534	0.7478245011201551	-1.0114669161518581	Flavonifractor_plautii	V1
SGB4563	0.0062016675681107565	0.0035373239773690505	0.9128451032757334	V2	0.006265037272143696	0.00417408478403441	0.006994757879212821	0.006854948746268456	0.004415176290519597	-0.17194721655374964	0.05226420339087677	0.04349572919864136	Ruminococcus_torques	V2
SGB14313	6.881030172186848e-4	0.0035296054047544967	0.914560168192531	V2	8.1250753451584e-6	0.0022321080443099984	2.2562153321793333e-5	4.802144532591973e-5	-1.927826065206864	0.5110617504670123	-1.4842729160006	-1.1562182350603938	Enterocloster_SGB14313	V1
SGB4922	0.0014177465976706997	0.0035220198623390517	0.9162715472305463	V2	0.002317647259586608	3.787998702544435e-4	7.307908234277673e-4	5.215298989067446e-4	0.21344872433452583	-0.5731887921551184	-0.2878055284729569	-0.43431940248910006	Lachnospiraceae_bacterium	V2
SGB8002	0.002100284860283865	0.0034958298902930734	0.9179702003411341	V3	0.002092001603245562	9.204372985477994e-4	0.003776863004129757	0.001469163932611052	-0.0017161887845722871	-0.35828399269841466	0.25485303040197566	-0.15520794376214353	Streptococcus_thermophilus	V2
SGB15315	0.0014613942136874032	0.003478277174493086	0.9196603244396623	V2	0.0023593773307334135	2.478361828784563e-5	8.240092478710941e-4	0.0019676927099186122	0.20803001888472328	-1.770602671893715	-0.24883529762721562	0.12918989316548235	Faecalibacterium_SGB15315	V2
SGB15356	6.852592185639484e-4	0.00347007447142734	0.9213464627758636	V2	8.30200135181784e-6	0.002191458043494259	2.2526908389240152e-5	6.10730994537581e-5	-1.9166720869109668	0.5048782736255175	-1.4831532937752394	-1.0500049257126283	GGB9747_SGB15356	V1
SGB14909	8.075957855499383e-4	0.003450515249122965	0.923023097121639	V3	3.4177662792144294e-4	5.040560638402816e-4	0.0027285492831082116	4.739291332339865e-5	-0.37345168333188894	-0.20471520019351208	0.5287377585194648	-1.2314806375614018	GGB9512_SGB14909	V4
SGB4327	0.004377995271948348	0.003408421665435186	0.9246792778414913	V3	0.004097119606967288	0.004796639870293369	0.002569643125443254	0.005278544527552359	-0.028796645741300367	0.03966182483030363	-0.23140247593654023	0.08123890121721104	GGB3277_SGB4327	V3
SGB4964	0.0012593284215196966	0.0033446214050189575	0.9263044574788499	V2	1.2476306305618079e-4	0.0024852541610527732	0.0019793708446797418	9.95240537657377e-4	-1.0040529763981005	0.29523180463620113	0.196388164024882	-0.10221094779141959	GGB3653_SGB4964	V1
SGB4749	0.0011735118034665395	0.003339253454649617	0.9279270287840304	V3	0.001415863147858289	1.284685988748299e-5	0.0024571368907952864	5.208997241164755e-4	0.0815338158738027	-1.9606904746212879	0.320941890157592	-0.35273333477801666	Clostridium_sp_AM22_11AC	V2
SGB15236	7.271705841814151e-4	0.003287543987220658	0.9295244740245993	V2	1.7423493696990008e-4	0.0020772802833621787	2.238366234414193e-5	4.7458865190308806e-5	-0.6205010597126849	0.45585879669176155	-1.5117051564035942	-1.185318952901167	GGB33469_SGB15236	V3
SGB6305	0.001291581522195625	0.0032377270893714062	0.9310977128160138	V3	0.0010532491420614768	9.444723522426147e-4	0.0026996826549074643	4.739711562321677e-5	-0.08859070918654834	-0.13593257398384012	0.3201908930366702	-1.4353699099694481	GGB4566_SGB6305	V4
SGB4575	5.649376188143102e-4	0.0030986954820271533	0.9326033949814777	V3	1.6056677776651217e-4	1.284689972128502e-5	0.0022779204513052194	9.941887082097313e-4	-0.5463448029821159	-1.643202160901349	0.6055380586614277	0.24546833112852268	Dorea_formicigenerans	V2
SGB6771	6.482173110672438e-4	0.0030977868579608195	0.9341086356388749	V3	8.694688555415882e-6	6.721901749060907e-4	0.0024816812274757313	4.738985586558663e-5	-1.872466594822202	0.01577153532837528	0.5830253705499202	-1.1360352371576976	Coprobacillus_cateniformis	V1
SGB4582	0.0011323741126586396	0.003068650286985268	0.9355997185916718	V4	0.0012955528712597722	3.1214583012449546e-5	0.0016142410355210125	0.002454819188534212	0.05846520880858182	-1.5596323946696742	0.1539784509383456	0.3360295770178814	Dorea_longicatena	V2
SGB2290	0.0015692145370229138	0.003001828049329371	0.9370583320578482	V2	8.121966440937001e-4	0.0027265106554256882	0.0015966357920109968	5.091217540136137e-4	-0.2860211320290679	0.2399248765541174	0.007523537954909155	-0.48886066854062304	Alistipes_communis	V4
SGB9286	3.643108794942483e-4	0.0030014841024851293	0.9385167783973636	V4	8.94237149067714e-5	1.2838689245047756e-5	6.933111236044461e-4	0.0024104353830325023	-0.6100194331726158	-1.452951453791305	0.27945602728578167	0.820623352900895	Sutterella_wadsworthensis	V2
SGB4828	0.003414003977219565	0.002982342175464502	0.9399659235137369	V4	0.003860206361154146	0.00259375283270587	0.00316354775656388	0.0019485715508590232	0.053346499339063665	-0.11933543435910364	-0.03308962781430296	-0.24354766515852144	Blautia_sp_MSK_20_85	V4
SGB1860	0.0017195788074698037	0.00291588652225668	0.9413827772699525	V4	0.0017842604361855887	0.001297237308409298	0.002476263419619245	4.7400025138855475e-5	0.01603616151470436	-0.12240265367696439	0.15837475800454076	-1.5596435121168497	Bacteroides_faecis	V4
SGB4938	0.0027727704800267513	0.002881098342460729	0.9427827271573654	V3	0.002194467952422914	0.00368959637008893	0.00170734087698812	0.003093310801782833	-0.1015846788532145	0.1240649366161874	-0.21059368344114696	0.04750963639774286	Roseburia_sp_AF02_12	V3
SGB4652	7.277835996586146e-4	0.002844297010767191	0.944164794968557	V4	0.0010668969955592645	1.5356733787490317e-4	2.2374431324898517e-5	0.001953341784407728	0.16612022744266827	-0.675703408950196	-1.5122502587182627	0.42877597557378844	Clostridium_sp_AM49_4BH	V3
SGB4815	9.304024217441012e-4	0.0028346025375251	0.9455421521537614	V4	2.706353390975314e-4	0.0018037640752124515	0.001348864654808219	4.739085339803908e-5	-0.5362863267551905	0.28750890087408404	0.16129754256674705	-1.2929763027526928	Blautia_SGB4815	V4
SGB15216	6.880600004738902e-4	0.0028146866541209903	0.9469098320439152	V3	4.315192360640436e-4	2.8345792859171733e-4	0.0022009336753811897	4.7389857552218957e-5	-0.20262615114157595	-0.3851377022694766	0.504980643986452	-1.1619409081336516	GGB9699_SGB15216	V4
SGB1798	0.0028015203877029453	0.0027875011064753207	0.9482643022480945	V4	0.0031516613820246034	0.002466365396391548	0.0020832175765068597	0.0014176180780567657	0.0511457629086909	-0.055336368815882164	-0.12865915620758836	-0.2958345444545232	Paraprevotella_clara	V4
SGB1790	0.0011683480489344256	0.002771548630714422	0.9496110210102922	V3	0.0013056067316361795	2.7599494192788915e-4	0.002257069353191168	5.151325121850365e-4	0.04824014296176562	-0.6266711146917707	0.28597266623973655	-0.35565327675047775	Odoribacter_splanchnicus	V2
SGB15249	0.001212187232555871	0.002724054236814631	0.9509346618475146	V2	4.0436906631984503e-4	0.002548054456775522	8.487050859660597e-4	9.953005327867285e-4	-0.4767917802058729	0.32263900000048695	-0.1548129007163033	-0.08561546891370647	GGB9713_SGB15249	V1
SGB14809	4.05722947839956e-4	0.0027010805770405375	0.9522471395904617	V3	8.922483362799187e-5	1.283894323832063e-5	0.0020390883136131095	4.7389855386171464e-5	-0.6577438254290165	-1.499700293433363	0.7012064633726901	-0.9325441888374676	Eggerthella_lenta	V2
SGB2286	0.0027149162384063085	0.0026532060933090584	0.9535363547195915	V4	0.0028925576463904685	0.002761869473764259	0.001992825236106636	0.0010083957907390329	0.02752558773764919	0.007446714807091223	-0.13428722087491518	-0.43012541094897616	GGB47687_SGB2286	V4
SGB1832	9.726273302487458e-4	0.0025770626034731766	0.9547885710873628	V4	0.0013775811376220586	1.5824597686873459e-4	0.0014051261753727222	4.739873265286958e-5	0.1511707188010287	-0.7886137911789848	0.1597688552843469	-1.3121797391547725	Bacteroides_clarus	V4
SGB15093	0.0011736194145368136	0.0025193138888027775	0.956012726869555	V2	7.444819627025179e-4	0.0021107953415972895	6.741223306985463e-4	5.201159884670747e-4	-0.19767310505237945	0.254918841855405	-0.2407885715509193	-0.3534270809108118	GGB9634_SGB15093	V4
SGB4191	8.08609030212566e-4	0.0024195854402811476	0.9571884237608365	V3	0.001230595936871468	2.759248333954586e-4	2.2303887645224186e-5	0.0014872182244503626	0.18237688977299205	-0.46694779805249176	-1.5593580183610378	0.2646361116172625	GGB3175_SGB4191	V3
SGB14912	5.265176662992625e-4	0.002419278103179957	0.9583639713144387	V3	4.077294307631984e-4	1.2979314205237263e-5	0.0018343413712174688	4.738985566760089e-5	-0.111040886823863	-1.6081612016640632	0.5420672134351653	-1.0457275616944803	Negativibacillus_massiliensis	V2
SGB4868	0.0012915771312024269	0.0023653830169426044	0.9595133307928899	V3	0.001663639988703736	7.205988873820702e-4	5.20125706443498e-4	0.0019424676220644367	0.10993900414940493	-0.2534267595220167	-0.3950120280829329	0.17723344176451802	Lacrimispora_celerecrescens	V3
SGB1862	0.001050478456189313	0.002216126069357529	0.960590165066669	V2	0.0016325862112012554	2.8891669214460146e-4	7.071409346230318e-4	5.21359427454719e-4	0.19148897405955723	-0.5606145161678733	-0.1718811718798035	-0.30424991901932663	Bacteroides_finegoldii	V2
SGB1846	0.001525387502800023	0.0022041248804553068	0.961661167861944	V4	0.00118402925018315	0.0016009907321072442	0.002296274057983654	5.091106594524411e-4	-0.11001775267531366	0.021008633883681755	0.17764353544797679	-0.47656799384905063	Bacteroides_intestinalis	V4
SGB15260	8.133007692168314e-4	0.0020379604802119983	0.9626514299792682	V2	3.544780627904006e-4	0.0016149336674364074	8.248951231469649e-4	4.739024758097353e-5	-0.3606618194278008	0.29790350555821243	0.006147552969577844	-1.2345622054635075	Butyricimonas_SGB15260	V4
SGB6750	0.0011398813668515527	0.002017607441009375	0.9636318023838674	V3	0.0011115032760247367	3.8234668972314794e-4	0.002238779719178689	0.0010070850461245348	-0.010948907423360453	-0.4744023199806252	0.29315170954193454	-0.05379350717272546	Faecalibacillus_faecis	V2
SGB4184	7.693252397564873e-4	0.0019503095124139857	0.9645794741596222	V4	0.0012527212166102018	1.3878193567138847e-4	6.548903232234238e-4	4.7389924814378564e-5	0.21174445202382777	-0.7437770403035391	-0.06994140759143902	-1.2104239611767376	Oscillospiraceae_bacterium	V4
SGB4648	6.458430858442157e-4	0.0018785429737882993	0.9654922739713805	V3	0.0010579057636745793	1.518748525275161e-4	2.2728874966303986e-5	9.9524093760754e-4	0.21431996871451572	-0.6286411453064294	-1.4535490749916433	0.1878012171637159	Clostridium_SGB4648	V3
SGB15053	8.06679430710316e-4	0.0018774989061680766	0.9664045664619114	V4	4.307627825113609e-4	0.001286932467451536	4.478508653105562e-4	0.0014691800865384577	-0.2724628095097531	0.2028547745079638	-0.2555675654634872	0.2603740500956969	Dysosmobacter_sp_BX15	V1
SGB15198	3.6539759990845754e-4	0.0018234801185295737	0.9672906107697412	V2	1.0578553880543326e-5	0.0011737288205512595	2.2446511229353763e-5	4.8018836728703936e-5	-1.5383393879668117	0.5068020782920114	-1.2116168404434706	-0.8813540554602666	GGB9691_SGB15198	V1
SGB5089	6.862060198401662e-4	0.001812042536181644	0.9681710974602261	V2	0.001129660383681488	1.2845931582130462e-5	7.426180508070485e-4	4.7389966724761924e-5	0.21649337500284224	-1.7276889190301161	0.03431097776147218	-1.1607681198909217	GGB3746_SGB5089	V2
SGB14993	2.8495050751396273e-4	0.0018035724917058976	0.9690474684849473	V4	9.134423463030058e-5	1.2841599254197696e-5	9.131555658151599e-4	9.94602759775236e-4	-0.49408829360560125	-1.3461503219838866	0.505775335731117	0.5428802251419419	Agathobaculum_butyriciproducens	V2
SGB9283	2.446723094202525e-4	0.0017802098890078184	0.9699124874247587	V3	8.135149437359042e-6	1.2838728063439017e-5	0.0013592290326840046	4.738988501589319e-5	-1.478219286174728	-1.2800628210435745	0.7447078211213656	-0.7128991662722576	Sutterella_wadsworthensis	V1
SGB15452	2.446977913718611e-4	0.0017647311801004598	0.9707699851298823	V3	1.3336974520448595e-5	1.2852059887552235e-5	0.0013489144871563848	4.738985539164624e-5	-1.2635727279752538	-1.2796573088590342	0.7413543695053063	-0.7129446659843417	Bilophila_wadsworthia	V2
SGB6473	8.096142183323357e-4	0.0017620657157690796	0.9716261876634961	V2	3.4556808117609144e-4	0.001592352997790203	4.3124777242878977e-4	9.46528571583758e-4	-0.36974450507049317	0.29376122325091936	-0.2735512618035921	0.0678556013785442	Phocaeicola_SGB6473	V1
SGB2311	8.548369690484205e-4	0.0017412122626847726	0.9724722573290756	V4	5.58671266102574e-4	0.0012767921450195468	0.0010704812832480607	4.738989948026095e-5	-0.18472696073350073	0.17423690639448747	0.09769578251868849	-1.256197508278975	Alistipes_dispar	V4
SGB15332	0.008191040396968458	0.001601307737908209	0.9732503462107912	V1	0.007484599015807661	0.007793996860621273	0.007966333746096184	0.008464156566496411	-0.03917052965127573	-0.021578841287099537	-0.012080570779044512	0.014244620354205068	Faecalibacterium_prausnitzii	V1
SGB9340	0.001221493482829293	0.0014874593355783362	0.9739731151974256	V4	0.001225529120673214	0.001391959186018425	0.0010826360025321747	4.73929685811281e-5	0.001432481116494682	0.05673534722893836	-0.05240868892940808	-1.4111772414665373	GGB3345_SGB9340	V4
SGB4810	8.531344842533297e-4	0.0014552987424251435	0.97468025708168	V2	0.0010390248584159238	1.4142813398198707e-4	0.0012380575544273943	0.0010259134320704719	0.08560844129317374	-0.7804816854939118	0.16172333772	0.08009321920253502	Blautia_obeum	V2
SGB4425_group	6.453855573458231e-4	0.0014444762073252432	0.9753821402052143	V2	0.0010621018049699355	1.4155389531209932e-4	2.4555774332863945e-4	5.212850736955997e-4	0.21634690450463212	-0.6588974175099291	-0.4196656088213285	-0.09274395272875754	Catenibacterium_SGB4425	V2
SGB5045	0.0010062845273132645	0.001434417055219712	0.976079135502238	V4	0.0013016062247289773	6.529982440989416e-4	7.0544304925523e-4	5.213169307816229e-4	0.11175882187435147	-0.1878087815388688	-0.1542588362946702	-0.28561896529077146	Eubacterium_ventriosum	V4
SGB4670	2.448871532887405e-4	0.0014333659264728557	0.9767756200469736	V3	9.219125050218869e-6	1.412356326527856e-4	0.0011414401092897416	4.7393731691362486e-5	-1.4242762968749063	-0.23902172309242822	0.6684871264849772	-0.713245097197094	Coprococcus_catus	V1
SGB4809	4.447903330763706e-4	0.0014174444382057374	0.9774643682068109	V2	8.242886033440147e-4	1.3729434265157737e-5	2.3530553908166212e-4	4.738985794419852e-5	0.2679239554414631	-1.5105026977920661	-0.2765231892975876	-0.9724699330056927	Blautia_obeum	V2
SGB4959	4.85461618475285e-4	0.0013994522139920292	0.9781443737937582	V4	7.191161750655557e-4	1.2901902850498145e-5	3.015884582883375e-4	9.94826400065309e-4	0.17064415799183452	-1.5755011320539476	-0.20674018226915597	0.3115924023310679	Eubacterium_ramulus	V2
SGB4166	4.0612012698781403e-4	0.0013977047361824592	0.9788235302665581	V3	2.469030105720033e-4	2.729697622172208e-4	0.0011527271104423253	4.738985544627005e-5	-0.21612812784576582	-0.1725399718715344	0.45307199393635683	-0.9329691293408389	Monoglobus_pectinilyticus	V4
SGB4659	3.649804730651849e-4	0.0013884681563943123	0.9794981986076465	V1	7.412500212478228e-4	1.2843121367162475e-5	2.2509831851244162e-5	4.738985776547367e-5	0.3076950890686455	-1.4535990431077528	-1.2098973789258218	-0.886584224529998	Clostridium_sp_AF34_13	V2
SGB4643	4.8547847253088396e-4	0.001348475899966895	0.9801534343753799	V2	8.436053245394965e-4	1.2841830626791862e-5	4.058546799203157e-4	4.7389859087261706e-5	0.2399693353470836	-1.577543039212318	-0.0777994186503563	-1.010484559506813	GGB3109_SGB4643	V2
SGB15390	3.647777193904024e-4	0.0013279984885633993	0.9807987199968908	V2	8.151443300362573e-6	9.07872023346472e-4	4.756683816832782e-4	4.739047316598817e-5	-1.6507937917365287	0.39599632946840674	0.11527598046573077	-0.8863372588796972	GGB9770_SGB15390	V1
SGB4705	8.063089340836269e-4	0.0012702918012773433	0.9814159654542816	V2	0.0011052570294200266	2.1456937618169513e-4	9.009197251751208e-4	5.213155771361091e-4	0.13696181378766453	-0.5749337333272356	0.04818462377141632	-0.18940076987731888	Clostridium_fessum	V2
SGB15333	9.725238603272072e-4	0.0012218300927932758	0.9820096629604148	V4	7.57941861738782e-4	0.0011527948071698734	6.954622081657299e-4	0.0015224393555279144	-0.10826437113798527	0.07385174620613451	-0.1456267301537199	0.19463973677078936	Faecalibacterium_prausnitzii	V4
SGB1857	0.001008463656265533	0.0011938133871647017	0.9825897469139274	V2	0.0013082113690532232	2.670859296566061e-4	0.001147928518108092	9.952405703400073e-4	0.11301766764691822	-0.5770092418422585	0.05625459382593536	-0.005732179973605896	Bacteroides_salyersiae	V2
SGB4422	8.472242759047215e-4	0.0011849510346411932	0.9831655245759002	V4	9.098326098761121e-4	3.9680224347417813e-4	8.972005817954473e-4	0.0014691686382532548	0.030963107275210743	-0.32942427237610467	0.024891155215889135	0.23907325774796864	Ruminococcus_callidus	V2
SGB4421	0.0010894571011047414	0.001184339135987465	0.9837410049111769	V3	0.0013117580938505837	0.0010160485053758307	2.949715861200351e-4	9.953130685767357e-4	0.08064361860891599	-0.030295692638997895	-0.5674299504824403	-0.03925042752298001	Ruminococcus_SGB4421	V3
SGB17237	0.0013890099227956661	0.0011801528765113141	0.9843144511078072	V2	0.0015372501961418558	9.114159941619124e-4	0.001549563283839982	9.952446093086113e-4	0.04403920887206045	-0.18298870264242345	0.047503969175753065	-0.144775514328705	Bifidobacterium_pseudocatenulatum	V2
SGB15154	2.0420877886595458e-4	0.0011725699843697333	0.9848842127134455	V3	8.922243866155887e-5	1.2838689755522121e-5	9.136034104502256e-4	4.7389855395320375e-5	-0.35960031895485073	-1.2015537039825654	0.6506833037869242	-0.6343890248224078	Lawsonibacter_asaccharolyticus	V2
SGB4788	4.8625236037317976e-4	0.001161751608352905	0.9854487175792969	V4	6.558628844259456e-4	1.4385668820065872e-4	6.971353611288462e-4	4.738994900122802e-5	0.1299513321810075	-0.5289316645357762	0.15645538972361994	-1.0111754811644542	Blautia_stercoris	V4
SGB6140	6.080230151485268e-4	0.0011452882870304404	0.9860052227790167	V4	4.6429730486470506e-4	9.468289069709993e-4	5.058395668569749e-4	4.744977851593265e-5	-0.11712385598784349	0.19235148991518353	-0.07990722175997621	-1.1076858290986362	Intestinibacter_bartlettii	V4
SGB14924	2.0442121220597584e-4	0.0011110859895381857	0.9865451087950668	V3	8.77463330960506e-6	1.459836314925662e-4	9.043916853174223e-4	4.738985538901713e-5	-1.3672969828738835	-0.1462217963308146	0.6458306016293285	-0.6348405758562173	GGB9524_SGB14924	V1
SGB14844	3.249927067709648e-4	0.0010950501969914058	0.9870772028848092	V3	1.7220696623718117e-4	2.601775693983537e-4	9.248391758463831e-4	4.7389856761371995e-5	-0.2758228991368063	-0.09660376284054575	0.4541926030248852	-0.8361882189745069	GGB9453_SGB14844	V4
SGB15299	0.0011411921646248774	0.0010939499847735555	0.9876087623721924	V4	0.0012855891237148528	9.576088886259182e-4	9.954245541061307e-4	5.209900254590032e-4	0.05174340842306055	-0.0761706125646039	-0.05935043188005594	-0.3405293724930839	Gemmiger_SGB15299	V4
SGB6148	7.683082517728715e-4	0.001064946954875696	0.9881262290437068	V2	4.092682409632584e-4	0.001179157409453605	7.036542628108269e-4	9.987120491961763e-4	-0.27352745272559514	0.18603628669336353	-0.038176174604260336	0.11390479193947381	Romboutsia_timonensis	V1
SGB9262	2.846724529988491e-4	0.0010516089173826565	0.9886372146507566	V3	1.0020053867755738e-4	2.6399416296052185e-4	8.938485712082615e-4	4.738985818522414e-5	-0.45347538734829496	-0.032751119137058055	0.49691850662294046	-0.7786600345812196	Parasutterella_excrementihominis	V4
SGB4993	3.649827975484708e-4	0.001051107070676632	0.9891479564062761	V3	4.544080372518204e-4	6.710334501626748e-5	7.111922560024493e-4	4.738987756137038e-5	0.09517360859483215	-0.7355282259380902	0.28971462338873644	-0.8865868090353746	Firmicutes_bacterium_AF16_15	V4
SGB4816	3.252719683898741e-4	0.0010455325296028087	0.9896559894454585	V3	4.1395330263717877e-4	1.2850915466254507e-5	6.918199981561941e-4	4.7389855724309666e-5	0.10470471403353394	-1.4033125710398675	0.32774647399768136	-0.8365612513172672	Blautia_glucerasea	V2
SGB1963	3.6465211354677407e-4	0.001044748736101328	0.9901636416327944	V3	2.600166205457806e-4	2.696294288347739e-4	8.924804137836807e-4	4.73898553953463e-5	-0.1468776256699441	-0.13111144337253122	0.38871995883473714	-0.8861933516025455	Coprobacter_fastidiosus	V4
SGB14770	2.042552613850401e-4	9.821331307379199e-4	0.9906408683714786	V2	9.419795051861314e-6	6.52727017535153e-4	2.229475679847581e-5	4.7389857716976236e-5	-1.3361317984101126	0.504558337006722	-0.9619705130580242	-0.63448784750609	GGB79890_SGB14770	V1
SGB1957	2.044547829653931e-4	9.746313531384842e-4	0.9911144499334082	V2	1.3268493558754341e-5	6.486667216508842e-4	2.228626842996164e-5	4.73901724544703e-5	-1.1877756568418318	0.5014243432371107	-0.9625599176561542	-0.6349089856736626	GGB1420_SGB1957	V1
SGB5043	2.8436388364011414e-4	9.449315534550652e-4	0.991573600113177	V3	2.521922605558152e-4	1.2845916892638445e-5	6.886559622774727e-4	5.213137686260461e-4	-0.052142682359487526	-1.3451093288872453	0.38412787501032625	0.263224758520898	Eubacteriaceae_bacterium	V2
SGB5087	5.669403848638639e-4	9.262761687773517e-4	0.9920236854848153	V4	7.33905317720684e-4	3.975089614890323e-4	4.966110982135638e-4	4.738985896846421e-5	0.11210264032454237	-0.15419047030224245	-0.05752097329599855	-1.0778519779440308	Lachnospira_sp_NSJ_43	V4
SGB4936	4.0598398669008056e-4	9.172216779891384e-4	0.992469371203317	V4	4.1631908256195506e-4	2.6957623601193194e-4	2.4110673106488833e-4	0.0010115855625040036	0.010917413883892169	-0.17782729881423542	-0.2262995690436507	0.3964937184542991	Roseburia_hominis	V4
SGB4571	1.2414746062419183e-4	8.73230202943511e-4	0.9928936810945415	V3	8.131564939506575e-6	1.2975724162348009e-5	6.934324304086228e-4	4.7389859611641e-5	-1.1837637060293131	-0.9808062359565504	0.7470663081556288	-0.41825241855796563	Dorea_sp_AF24_7LB	V1
SGB1786	1.2426444197738946e-4	8.709095953945727e-4	0.9933168633830634	V3	8.129752789549092e-6	1.2838726912647457e-5	6.907390465286738e-4	4.738985538668341e-5	-1.1842695341986134	-0.9858249126629332	0.7449671328527797	-0.41866149049454465	Butyricimonas_faecihominis	V1
SGB5051	2.843376338230177e-4	7.588048277378338e-4	0.9936855730232392	V2	4.949214745956648e-4	1.2868808198528022e-5	2.445332261259281e-4	4.7389880179410296e-5	0.24070195319338464	-1.3442960169816587	-0.06549646748235682	-0.7781487343923581	Eubacterium_sp_AF34_35BH	V2
SGB14341	5.256713585918234e-4	7.275615646864032e-4	0.9940391012994378	V3	0.00027221497929828976	6.488361228128823e-4	8.722496499628869e-4	5.213092287910762e-4	-0.2858022953133355	0.0914207055000866	0.21992648887666666	-0.0036189016043778844	GGB79973_SGB14341	V1
SGB6141	1.6438944479189326e-4	6.859512845869965e-4	0.9943724107909868	V4	8.789030192915339e-5	2.696652284358375e-4	2.5854041046649112e-5	5.300303991269615e-4	-0.2719329722750615	0.21495102195564125	-0.8033454947082215	0.5084268499673048	GGB4456_SGB6141	V3
SGB15374	1.641137646836165e-4	6.799760769740367e-4	0.9947028168789617	V3	8.125952944352422e-6	2.7241703078193007e-4	4.6307485504689234e-4	4.73898559104332e-5	-1.305270704990337	0.2200892469333991	0.4505061913725858	-0.5394596198594476	GGB9760_SGB15374	V1
SGB6178	7.660557677228635e-4	6.69889897160429e-4	0.9950283220074356	V3	8.099686403346981e-4	6.703039344285349e-4	4.692355481139574e-4	9.99460739368223e-4	0.024207817788870333	-0.05798861823289762	-0.21286948102133796	0.11550535213660774	Clostridium_saudiense	V3
SGB2328	1.6361908465463976e-4	6.360562957715463e-4	0.9953373871047739	V2	9.705734275233035e-6	4.743030259714229e-4	1.0838930967357297e-4	4.7389855560350176e-5	-1.2268055617537745	0.46222193665558164	-0.1788475084336296	-0.5381485737146795	Alistipes_ihumii	V1
SGB14853	4.069695691549523e-4	6.135691223971122e-4	0.9956355254956649	V3	3.427497233201039e-4	2.5912095471159374e-4	6.941329284237451e-4	5.213068720050648e-4	-0.07458482351074007	-0.196059401264019	0.23188071064963178	0.10753151355516224	Clostridium_leptum	V3
SGB15291	2.0502445836090118e-4	5.927134897738889e-4	0.9959235299594654	V3	9.664501272385358e-5	2.509996820743458e-4	4.857486759272329e-4	4.7389855503836205e-5	-0.3266262256596962	0.08786749814862081	0.37460595221751186	-0.6361202887426551	GGB79734_SGB15291	V4
SGB5190	8.390365986828585e-5	5.673596130227023e-4	0.996199214761566	V3	8.120992006190226e-6	1.2848244243441157e-5	4.6791141455149334e-4	4.738988501573135e-5	-1.014171822121392	-0.8149371212244142	0.746382734679681	-0.24809525016683937	Anaerotignum_faecicola	V1
SGB2325	4.3997042320508926e-5	5.655997209704788e-4	0.9964740444173344	V4	8.1114053151569e-6	1.2842335076058766e-5	2.2430537999791903e-5	5.209899147204686e-4	-0.7343273792265425	-0.5347794851028913	-0.2925837919092382	1.0734058341094492	Alistipes_indistinctus	V4
SGB6139	4.055812205003344e-4	5.64202333541165e-4	0.9967481950708121	V3	2.4833017520414454e-4	4.032675797396464e-4	6.944218675643279e-4	5.213782209206281e-4	-0.21304834284919927	-0.002484529013586632	0.23354555066438001	0.10907504801514922	Clostridium_sp_1001270J_160509_D11	V3
SGB14773	1.2428338006725034e-4	5.520179103275825e-4	0.9970164252106944	V3	8.75639055410113e-6	1.4020383410783495e-4	4.6796032570803824e-4	4.7389858934189504e-5	-1.1520879322053048	0.052346834286925444	0.5757959785638955	-0.41872764008041063	Slackia_isoflavoniconvertens	V1
SGB15317	2.8497254522122107e-4	5.510891265416968e-4	0.9972842040467329	V4	4.1492973509172417e-4	1.4073616061604984e-4	2.4565538774384723e-4	4.7394150632572503e-5	0.16317153747566526	-0.30639732230894295	-0.06447672772057676	-0.7790782767679088	Faecalibacterium_prausnitzii	V4
SGB14797	2.4455148206226296e-4	5.166484916471227e-4	0.9975352478889559	V3	1.7117607584262907e-4	2.696432906924764e-4	4.6557113331423597e-4	4.738985651696061e-5	-0.15492723304113695	0.04241931944139134	0.2796157458964881	-0.7126849053514825	Adlercreutzia_equolifaciens	V4
SGB5042	4.8606988961021107e-4	4.1111799184670656e-4	0.9977350135748115	V3	4.128997724406729e-4	3.972387396358065e-4	6.999424266683604e-4	5.213140772548255e-4	-0.07085407530554225	-0.08764712354410324	0.1583636000293685	0.030400733685040347	Eubacterium_sp_AF16_48	V3
SGB6179	4.457948651240029e-4	3.8603914045646565e-4	0.9979225932361004	V3	4.176066359923373e-4	5.270162338129378e-4	2.453120766726929e-4	5.21941619308558e-4	-0.02836767054372848	0.07268893133631649	-0.2594161327861672	0.06848686685126788	Clostridium_SGB6179	V3
SGB4829	6.862512518994325e-4	3.5957538740188076e-4	0.9980973139374701	V4	7.266747597247539e-4	5.752787463116259e-4	6.430086625962221e-4	5.213144672138902e-4	0.024856925973988163	-0.07660482042325804	-0.028266325956352353	-0.1193833723436549	Blautia_luti	V4
SGB15244	8.36583136201885e-5	3.3003171735625843e-4	0.9982576791213815	V3	8.382687026046547e-6	1.4096569601183557e-4	2.4483856440723356e-4	4.7389856036764196e-5	-0.9991258540991077	0.22660433414550363	0.4663707185332172	-0.24682371646764367	GGB9712_SGB15244	V1
SGB14824_group	8.387278917526652e-5	2.739934562250264e-4	0.998390814843457	V3	8.912559352188104e-5	1.293678062055245e-5	2.4519449945030995e-4	4.738985612661216e-5	0.02638134935852192	-0.8117948721176986	0.46588963760143365	-0.24793569544270222	Senegalimassilia_anaerobia	V2
SGB4767	4.436957550148132e-5	2.7255444278910225e-4	0.9985232513368156	V3	8.125510032545003e-6	1.2838688325167568e-5	2.46128785760672e-4	4.738985538614284e-5	-0.7372346428309344	-0.5385646177392492	0.7440771354795788	0.028600109721422712	Clostridiaceae_bacterium_AF18_31LB	V3
SGB4721	4.3957835161716164e-5	2.715590200733383e-4	0.9986552041459144	V3	8.11140235362558e-6	1.283868831332806e-5	2.451192553541491e-4	4.738985538614284e-5	-0.7339403516712584	-0.534515640559001	0.7463411324991212	0.03264908730216611	Clostridiaceae_bacterium	V3
SGB3957	4.4071010649999293e-5	2.715588370974795e-4	0.9987871568661038	V3	8.111402433612587e-6	1.283875504085039e-5	2.4511913918579366e-4	4.738985538614882e-5	-0.7350570612720696	-0.5356300972554875	0.7452242127922696	0.031532373418806665	Clostridiales_Family_XIII_bacterium_BX16	V3
SGB4121	4.4173641690588624e-5	2.715581648098859e-4	0.9989191092596228	V3	8.11162099389769e-6	1.283870164164526e-5	2.451186320592797e-4	4.7389855386149116e-5	-0.736055553568134	-0.536642097710892	0.7442131201549171	0.030522179293401848	Collinsella_SGB4121	V3
SGB4780	4.4045930562375104e-5	2.715082513516161e-4	0.9990510373997733	V3	8.124982366497768e-6	1.2838689755281084e-5	2.4508206808723966e-4	4.73898553861553e-5	-0.7340833626876427	-0.5353850854645457	0.7454057466042747	0.031779593619774005	Lachnospiraceae_bacterium_Marseille_Q4251	V3
SGB15081	8.378598686303298e-5	1.6077614007586107e-4	0.9991291598768441	V3	8.92148782420222e-5	1.4123532977563125e-4	2.228420895919326e-5	4.738985898259914e-5	0.02726589779595082	0.22677195901501956	-0.5751741671219117	-0.2474859729342438	GGB9627_SGB15081	V3
SGB15224	4.400505886848802e-5	1.5822957419002023e-4	0.9992060449561586	V2	8.11140214756266e-6	1.412353297557739e-4	2.2284208804333848e-5	4.738985538614284e-5	-0.7344066729014493	0.5064407419520156	-0.29550538714189284	0.03218277710483794	GGB80140_SGB15224	V1
SGB14991	4.419923036088103e-5	1.5822957415598414e-4	0.9992829300354564	V2	8.111402147621651e-6	1.412353297389383e-4	2.228420882959859e-5	4.738985539426608e-5	-0.7363187736508983	0.5045286411476393	-0.2974174874021184	0.03027067642667429	Butyricicoccus_sp_AM29_23AC	V1
SGB15121	4.4013130405454955e-05	1.5822957369207049e-4	0.9993598151145289	V2	8.111402158147311e-6	1.4123532956771725e-4	2.2284209103648268e-5	4.738985538614882e-5	-0.734486324597612	0.5063610891108691	-0.29558503357146515	0.032103124842014795	Sanguibacter_SGB15121	V1
SGB6747	4.40794486518387e-5	1.0117667260477068e-4	0.9994089777096873	V1	8.913338165260934e-5	1.2839349113230217e-5	2.2507215405484516e-5	4.7389855470876066e-5	0.30580422993924317	-0.5356931458299545	-0.29191438632298394	0.031449230495798106	Clostridium_spiroforme	V2
SGB1784	4.392019187349915e-5	1.005846255609302e-4	0.9994578526242135	V1	8.897536545141705e-5	1.2838688513888367e-5	2.294190676274304e-5	4.738985538614457e-5	0.3066055517292963	-0.5341435664011542	-0.2820347183100923	0.03302115467567252	Butyricimonas_virosa	V2
SGB14906	4.060374157549707e-6	7.438265801709419e-5	0.9994939957825993	V4	8.11140214756266e-6	1.283868831328035e-5	2.2284208800307172e-5	4.738985538614284e-5	0.3005298783879563	0.4999546005314626	0.7394311640690374	1.0671193283942437	GGB14025_SGB14906	V4
SGB15467	4.060374157549707e-6	7.438265801709419e-5	0.9995301389409851	V4	8.11140214756266e-6	1.283868831328035e-5	2.2284208800307172e-5	4.738985538614284e-5	0.3005298783879563	0.4999546005314626	0.7394311640690374	1.0671193283942437	Desulfovibrio_piger	V4
SGB15373	4.060374157549707e-6	7.438265801709419e-5	0.9995662820993708	V4	8.11140214756266e-6	1.283868831328035e-5	2.2284208800307172e-5	4.738985538614284e-5	0.3005298783879563	0.4999546005314626	0.7394311640690374	1.0671193283942437	GGB9760_SGB15373	V4
SGB4831	4.060374157549707e-6	7.438265801709419e-5	0.9996024252577566	V4	8.11140214756266e-6	1.283868831328035e-5	2.2284208800307172e-5	4.738985538614284e-5	0.3005298783879563	0.4999546005314626	0.7394311640690374	1.0671193283942437	Blautia_wexlerae	V4
SGB4029	4.060374157549707e-6	7.438265801709419e-5	0.9996385684161423	V4	8.11140214756266e-6	1.283868831328035e-5	2.2284208800307172e-5	4.738985538614284e-5	0.3005298783879563	0.4999546005314626	0.7394311640690374	1.0671193283942437	GGB3033_SGB4029	V4
SGB4552	4.060374157549707e-6	7.438265801709419e-5	0.9996747115745281	V4	8.11140214756266e-6	1.283868831328035e-5	2.2284208800307172e-5	4.738985538614284e-5	0.3005298783879563	0.4999546005314626	0.7394311640690374	1.0671193283942437	Dorea_sp_AF36_15AT	V4
SGB4716	4.060374157549707e-6	7.438265801709419e-5	0.9997108547329139	V4	8.11140214756266e-6	1.283868831328035e-5	2.2284208800307172e-5	4.738985538614284e-5	0.3005298783879563	0.4999546005314626	0.7394311640690374	1.0671193283942437	Lacrimispora_amygdalina	V4
SGB15120	4.060374157549707e-6	7.438265801709419e-5	0.9997469978912996	V4	8.11140214756266e-6	1.283868831328035e-5	2.2284208800307172e-5	4.738985538614284e-5	0.3005298783879563	0.4999546005314626	0.7394311640690374	1.0671193283942437	Evtepia_gabavorous	V4
SGB4714	4.060374157549707e-6	7.438265801709419e-5	0.9997831410496854	V4	8.11140214756266e-6	1.283868831328035e-5	2.2284208800307172e-5	4.738985538614284e-5	0.3005298783879563	0.4999546005314626	0.7394311640690374	1.0671193283942437	Clostridium_sp_AF20_17LB	V4
SGB15041	4.060374157549707e-6	7.438265801709419e-5	0.9998192842080711	V4	8.11140214756266e-6	1.283868831328035e-5	2.2284208800307172e-5	4.738985538614284e-5	0.3005298783879563	0.4999546005314626	0.7394311640690374	1.0671193283942437	GGB9608_SGB15041	V4
SGB4669	4.060374157549707e-6	7.438265801709419e-5	0.9998554273664568	V4	8.11140214756266e-6	1.283868831328035e-5	2.2284208800307172e-5	4.738985538614284e-5	0.3005298783879563	0.4999546005314626	0.7394311640690374	1.0671193283942437	Coprococcus_SGB4669	V4
SGB15119	4.060374157549707e-6	7.438265801709419e-5	0.9998915705248427	V4	8.11140214756266e-6	1.283868831328035e-5	2.2284208800307172e-5	4.738985538614284e-5	0.3005298783879563	0.4999546005314626	0.7394311640690374	1.0671193283942437	GGB9642_SGB15119	V4
SGB4629	4.060374157549707e-6	7.438265801709419e-5	0.9999277136832284	V4	8.11140214756266e-6	1.283868831328035e-5	2.2284208800307172e-5	4.738985538614284e-5	0.3005298783879563	0.4999546005314626	0.7394311640690374	1.0671193283942437	Clostridiaceae_bacterium	V4
SGB5060	4.060374157549707e-6	7.438265801709419e-5	0.9999638568416142	V4	8.11140214756266e-6	1.283868831328035e-5	2.2284208800307172e-5	4.738985538614284e-5	0.3005298783879563	0.4999546005314626	0.7394311640690374	1.0671193283942437	GGB3730_SGB5060	V4
SGB14816_group	4.060374157549707e-6	7.438265801709419e-5	0.9999999999999999	V4	8.11140214756266e-6	1.283868831328035e-5	2.2284208800307172e-5	4.738985538614284e-5	0.3005298783879563	0.4999546005314626	0.7394311640690374	1.0671193283942437	Ellagibacter_isourolithinifaciens	V4
